IMO,ShipName,ShipType,DistanceNm,Fuel_tonnes,CO2_tonnes,DWT,Cargo
7625811,Passenger ship,Passenger ship,0.0,0.0,0.0,,
7633375,Other ship types,Other ship types,0.0,623.75,1644.265,,
7803190,Ro-pax ship,Ro-pax ship,0.0,7237.81958,1606.33,,
7826790,Ro-pax ship,Ro-pax ship,0.0,7460.56,15220.72,,
7826855,Ro-pax ship,Ro-pax ship,0.0,5565.78,5546.5364,,
7826867,Ro-pax ship,Ro-pax ship,0.0,2659.38,2678.6563,,
7901760,Ro-pax ship,Ro-pax ship,0.0,5058.32,1143.395,,
7907245,Ro-pax ship,Ro-pax ship,0.0,11318.16,35799.37,,
7907659,Ro-pax ship,Ro-pax ship,0.0,15391.77,48745.44,,
7907661,Ro-pax ship,Ro-pax ship,0.0,16321.41,51510.42,,
8317954,Ro-pax ship,Ro-pax ship,0.0,6318.51,19922.86,,
8418174,Other ship types,Other ship types,0.0,2029.02,6408.68,16.22,
8420842,Ro-pax ship,Ro-pax ship,0.0,7023.88,22132.28,,
8503503,Other ship types,Other ship types,0.0,1950.0,6155.57,13.96,
8604711,Ro-pax ship,Ro-pax ship,0.0,381.6,958.562,,
8700280,Passenger ship,Passenger ship,0.0,10230.88,25522.77232,,
8712520,Ro-pax ship,Ro-pax ship,0.0,14506.78,27127.755,,
8805597,Ro-ro ship,Ro-ro ship,0.0,1038.07,2960.565,,
8805602,Ro-ro ship,Ro-ro ship,0.0,1286.0,3532.792,,
8808604,Refrigerated cargo carrier,Refrigerated cargo carrier,0.0,1647.99,3695.095,,
8814744,Passenger ship,Passenger ship,0.0,9241.4,18140.843,,
8820860,Ro-ro ship,Ro-ro ship,0.0,2605.99,8354.79,,
8903935,Passenger ship,Passenger ship,0.0,1658.26,3931.02,,
8908844,General cargo ship,General cargo ship,0.0,618.702,1288.78081,12.95,
8911748,Ro-ro ship,Ro-ro ship,0.0,2118.97,5967.05,,
8912388,Ro-ro ship,Ro-ro ship,0.0,2742.0,3375.56834,,
8913411,Container ship,Container ship,0.0,8094.56,18178.75,,
8913423,Container ship,Container ship,0.0,9396.69,20620.265,,
8913447,Container ship,Container ship,0.0,9952.29,18139.4,,
8917390,Ro-pax ship,Ro-pax ship,0.0,2311.15,4013.915,,
8917883,Container/ro-ro cargo ship,Container/ro-ro cargo ship,0.0,3439.3,5686.55,,
8918734,General cargo ship,General cargo ship,0.0,939.077,1730.74,8.58,
8918954,Container ship,Container ship,0.0,7606.07,14644.36,,
8918966,Container ship,Container ship,0.0,9252.06,21487.48,,
8918978,Container ship,Container ship,0.0,7566.32,15522.175,,
8918980,Container ship,Container ship,0.0,8472.15,15890.68856,,
9002647,Ro-ro ship,Ro-ro ship,0.0,623.0,1068.88,,
9002659,Ro-ro ship,Ro-ro ship,0.0,504.76,1605.915,,
9007128,Ro-pax ship,Ro-pax ship,0.0,969.83,3109.18,,
9010814,Ro-pax ship,Ro-pax ship,0.0,8448.31,26733.25,,
9020340,Container ship,Container ship,0.0,268.07,678.77,,
9020352,Container ship,Container ship,0.0,267.34,453.685,,
9039250,Container ship,Container ship,0.0,4987.21,15385.53,,
9048914,Ro-pax ship,Ro-pax ship,0.0,4988.89,15994.35,,
9064126,Passenger ship,Passenger ship,0.0,6518.3,17265.58,,
9065405,Vehicle carrier,Vehicle carrier,0.0,2332.32,6109.545,,
9065417,Vehicle carrier,Vehicle carrier,0.0,2366.46,6460.72,,
9081289,General cargo ship,General cargo ship,0.0,1348.02,2448.05608,9.81,
9081318,General cargo ship,General cargo ship,0.0,1882.98,3892.29887,7.94,
9081320,General cargo ship,General cargo ship,0.0,760.21,1671.99304,9.25,
9087350,Ro-ro ship,Ro-ro ship,0.0,8113.11,23278.99,,
9087362,Ro-ro ship,Ro-ro ship,0.0,8031.421,22838.895,,
9087374,Ro-ro ship,Ro-ro ship,0.0,7471.852,21242.655,,
9100255,Container ship,Container ship,0.0,236.49,436.705,,
9107772,Ro-pax ship,Ro-pax ship,0.0,5721.93,18337.495,,
9107784,Ro-pax ship,Ro-pax ship,0.0,5931.8,19017.34,,
9107796,Ro-pax ship,Ro-pax ship,0.0,6098.31,19551.18,,
9108063,Container ship,Container ship,0.0,2734.61,7865.34,,
9108350,Ro-pax ship,Ro-pax ship,0.0,8696.16,27401.6,,
9108740,Chemical tanker,Chemical tanker,653.2,2798.1,8315.885,,
9112765,Ro-pax ship,Ro-pax ship,0.0,4720.41,7903.39,,
9112777,Ro-pax ship,Ro-pax ship,0.0,3872.26,7196.425,,
9113018,General cargo ship,General cargo ship,0.0,1984.14,5904.025,8.54,
9118496,Chemical tanker,Chemical tanker,897.66,2622.7,7829.215,,
9121998,Ro-ro ship,Ro-ro ship,0.0,9311.17,22548.38,,
9122007,Ro-ro ship,Ro-ro ship,0.0,5294.65,13135.795,,
9125267,Chemical tanker,Chemical tanker,0.0,1133.56578,2692.4443,,
9125944,Ro-pax ship,Ro-pax ship,0.0,10088.76,31666.62,,
9126924,Container ship,Container ship,0.0,405.94,667.255,,
9129263,Ro-ro ship,Ro-ro ship,0.0,2692.2,4861.57,,
9129469,Container ship,Container ship,0.0,4070.24,6742.14,,
9131797,Ro-pax ship,Ro-pax ship,0.0,13023.15,41091.08,,
9131943,Vehicle carrier,Vehicle carrier,0.0,2281.77,4207.33,45.87,
9131955,Vehicle carrier,Vehicle carrier,0.0,178.55,203.17632,,
9133915,Ro-pax ship,Ro-pax ship,0.0,12752.05,40206.05,,
9138783,Ro-ro ship,Ro-ro ship,0.0,4189.77,7646.86,,
9139294,General cargo ship,General cargo ship,0.0,4015.64,8408.91281,12.5,
9139309,General cargo ship,General cargo ship,0.0,2553.36,4874.33891,13.34,
9139311,General cargo ship,General cargo ship,0.0,2732.63,5430.36771,11.7,
9141807,Passenger ship,Passenger ship,0.0,2802.36,7928.645,,
9142605,Ro-pax ship,Ro-pax ship,0.0,15780.23,26102.24,,
9145176,Ro-pax ship,Ro-pax ship,0.0,13399.31,42958.25,,
9150080,Container ship,Container ship,0.0,2952.2,6510.97,,
9150327,Chemical tanker,Chemical tanker,0.0,2595.77,5518.32,,
9153020,Ro-ro ship,Ro-ro ship,0.0,8306.63,16073.465,,
9158159,Bulk carrier,Bulk carrier,0.0,337.57,559.4723,,
9160774,Ro-ro ship,Ro-ro ship,0.0,10112.63,22582.18,,
9166637,Ro-ro ship,Ro-ro ship,0.0,6752.19,19352.77,,
9171395,General cargo ship,General cargo ship,0.0,1179.59714,2799.55476,,
9172210,Chemical tanker,Chemical tanker,0.0,1641.06,0.0,,
9172222,Chemical tanker,Chemical tanker,0.0,4330.17,13882.53,,
9173692,General cargo ship,General cargo ship,0.0,2164.42,6719.285,8.75,
9180358,Bulk carrier,Bulk carrier,0.0,1804.37,4070.275,,
9180360,Bulk carrier,Bulk carrier,0.0,1626.36,272.4785,,
9180372,Bulk carrier,Bulk carrier,0.0,1338.38,0.0,,
9180384,Bulk carrier,Bulk carrier,0.0,2611.84,4995.075,,
9180396,Bulk carrier,Bulk carrier,0.0,1589.87,3153.82,,
9181077,Ro-ro ship,Ro-ro ship,0.0,7619.27,23768.11,,
9181156,Refrigerated cargo carrier,Refrigerated cargo carrier,0.0,348.3,672.82165,,
9182978,General cargo ship,General cargo ship,0.0,3483.13,7378.255,3.03,
9183788,Container/ro-ro cargo ship,Container/ro-ro cargo ship,0.0,1563.95,4978.93,,
9183790,Ro-ro ship,Ro-ro ship,0.0,3943.86,10465.12,,
9183843,Chemical tanker,Chemical tanker,0.0,3158.93,9837.775,,
9183855,Passenger ship,Passenger ship,0.0,4243.77,12090.5112,,
9183984,Ro-ro ship,Ro-ro ship,0.0,4228.77,8221.235,,
9184029,Ro-ro ship,Ro-ro ship,0.0,4900.18,9047.15,,
9185396,Ro-pax ship,Ro-pax ship,0.0,18135.664,29093.94054,,
9186182,Ro-ro ship,Ro-ro ship,0.0,8121.4,13424.96,,
9186194,Ro-ro ship,Ro-ro ship,0.0,8305.63,13672.7,,
9186235,General cargo ship,General cargo ship,0.0,3110.11,5298.205,4.89,
9186352,Chemical tanker,Chemical tanker,254.6,4143.8,13285.02,,
9186417,Ro-ro ship,Ro-ro ship,0.0,3420.4,5924.575,,
9186429,Ro-ro ship,Ro-ro ship,0.0,8522.44,26565.54,,
9187033,General cargo ship,General cargo ship,0.0,3407.19,6448.665,5.29,
9187057,Oil tanker,Oil tanker,0.0,2520.31,7518.76,,
9187409,Chemical tanker,Chemical tanker,0.0,821.58,1720.17,,
9190157,Ro-ro ship,Ro-ro ship,0.0,5765.62,7049.305,,
9192129,Ro-ro ship,Ro-ro ship,0.0,6576.93,20433.265,,
9192375,Chemical tanker,Chemical tanker,0.0,3726.59,9324.805,,
9195133,Vehicle carrier,Vehicle carrier,0.0,2940.58,6993.99,,
9195145,Vehicle carrier,Vehicle carrier,0.0,2926.05,7054.15,,
9196163,General cargo ship,General cargo ship,0.0,1860.49,4485.175,7.98,
9197363,General cargo ship,General cargo ship,0.0,6169.22,11044.52058,10.37,
9197375,General cargo ship,General cargo ship,0.0,5547.01,10764.52304,9.4,
9197533,Ro-ro ship,Ro-ro ship,0.0,10716.92,33415.69,,
9197911,General cargo ship,General cargo ship,0.0,5768.63,10591.58913,9.6,
9197947,General cargo ship,General cargo ship,0.0,6367.63,11810.09403,9.2,
9198721,Ro-ro ship,Ro-ro ship,0.0,2234.98,4369.87,,
9198977,Ro-ro ship,Ro-ro ship,0.0,9485.9,16038.975,,
9198989,Ro-ro ship,Ro-ro ship,0.0,3250.59,5565.255,,
9200330,Bulk carrier,Bulk carrier,0.0,1026.753,2179.12435,,
9200419,Bulk carrier,Bulk carrier,0.0,1670.585,3026.13424,,
9202508,General cargo ship,General cargo ship,0.0,6326.44,12313.41144,10.64,
9202510,General cargo ship,General cargo ship,0.0,4685.74,8522.27441,8.48,
9202522,General cargo ship,General cargo ship,0.0,3959.33,7675.93781,17.11,
9202534,General cargo ship,General cargo ship,0.0,5923.34,11062.8115,9.31,
9202546,General cargo ship,General cargo ship,0.0,5284.01,10123.86849,8.02,
9202558,General cargo ship,General cargo ship,0.0,5237.05,10155.33093,9.54,
9204726,General cargo ship,General cargo ship,0.0,906.78,1695.055,15.41,
9204790,General cargo ship,General cargo ship,0.0,2711.89,4795.405,5.07,
9205885,Bulk carrier,Bulk carrier,0.0,1644.343,3037.56471,,
9205897,Bulk carrier,Bulk carrier,0.0,813.837,1433.28166,,
9205902,Bulk carrier,Bulk carrier,0.0,1631.699,3330.82903,,
9205926,Bulk carrier,Bulk carrier,0.0,2179.589,4540.47208,,
9205938,Bulk carrier,Bulk carrier,0.0,1756.544,4317.64645,,
9206774,Ro-ro ship,Ro-ro ship,0.0,7609.57,19942.86,,
9206786,Ro-ro ship,Ro-ro ship,0.0,7558.07,4186.175,,
9207039,Gas carrier,Gas carrier,0.0,2547.46,7888.935,,
9208148,Gas carrier,Gas carrier,0.0,2446.85,7092.39,,
9208198,Other ship types,Other ship types,0.0,4034.32,6904.405,5.21,
9208203,Other ship types,Other ship types,0.0,3887.51,6488.405,5.46,
9209453,Ro-ro ship,Ro-ro ship,0.0,8931.16,27973.89,,
9210309,General cargo ship,General cargo ship,0.0,2404.83,4473.82,14.17,
9210701,General cargo ship,General cargo ship,0.0,402.87,696.15284,15.26,
9213088,General cargo ship,General cargo ship,0.0,4016.317,1004.46312,4.89,
9213090,General cargo ship,General cargo ship,0.0,4466.39,9126.87,4.91,
9213739,General cargo ship,General cargo ship,0.0,1880.84,945.23795,7.42,
9214379,Ro-pax ship,Ro-pax ship,0.0,16017.11,51350.84501,,
9214666,Ro-ro ship,Ro-ro ship,0.0,6846.65,11655.88,,
9214678,Ro-ro ship,Ro-ro ship,0.0,7286.84,11977.235,,
9214991,Ro-pax ship,Ro-pax ship,0.0,19323.62,32784.965,,
9215347,General cargo ship,General cargo ship,0.0,8390.24,9943.53,7.97,
9218404,Bulk carrier,Bulk carrier,0.0,2299.41,4220.95142,,
9219331,Passenger ship,Passenger ship,0.0,83.5,168.635,,
9219862,Container ship,Container ship,0.0,2910.79,6912.14,,
9219874,Container ship,Container ship,0.0,3120.4,5118.775,,
9220354,Chemical tanker,Chemical tanker,0.0,997.63894,2131.99578,,
9223784,Ro-pax ship,Ro-pax ship,0.0,14779.44,13062.45792,,
9223796,Ro-pax ship,Ro-pax ship,0.0,8129.63,0.0,,
9223904,Container ship,Container ship,0.0,1545.34,2602.44396,,
9225299,General cargo ship,General cargo ship,0.0,2751.47,8409.02,5.86,
9226360,Ro-ro ship,Ro-ro ship,0.0,4383.62,7896.62,,
9226372,Container ship,Container ship,0.0,2851.52,8384.195,,
9227053,Ro-ro ship,Ro-ro ship,0.0,5445.25,9556.03,,
9227259,Ro-ro ship,Ro-ro ship,0.0,6836.91,11379.725,,
9228801,Chemical tanker,Chemical tanker,0.0,1665.352,3660.93,,
9228813,Chemical tanker,Chemical tanker,0.0,620.6,1177.0987,,
9229087,General cargo ship,General cargo ship,0.0,1063.72,1925.495,8.95,
9230921,Bulk carrier,Bulk carrier,0.0,1213.17,1990.21,,
9231834,Container ship,Container ship,0.0,5615.57,15548.335,,
9231951,Ro-pax ship,Ro-pax ship,0.0,5385.48,17429.76,,
9232462,Container ship,Container ship,0.0,863.66,1617.12,,
9233258,Ro-pax ship,Ro-pax ship,0.0,5564.54,17206.525,,
9234288,General cargo ship,General cargo ship,136.0,2246.0,5916.3,7.15,
9234680,Chemical tanker,Chemical tanker,0.0,986.12,1709.58193,,
9234989,Container ship,Container ship,0.0,3627.471,10470.05519,,
9234991,Container ship,Container ship,0.0,3821.96,559.0298,,
9235517,Ro-pax ship,Ro-pax ship,0.0,16017.7,50150.09,,
9235529,Ro-pax ship,Ro-pax ship,0.0,16925.99,28048.86,,
9236286,Container ship,Container ship,0.0,1194.24,2746.41,,
9237369,Container ship,Container ship,0.0,3746.81,6866.35,,
9237371,Container ship,Container ship,0.0,5598.55,6803.42794,,
9239800,Bulk carrier,Bulk carrier,0.0,1363.88,2805.5,,
9240964,Ro-ro ship,Ro-ro ship,0.0,6675.5,15017.58,,
9240976,Ro-ro ship,Ro-ro ship,0.0,6481.15,15851.255,,
9242560,Container ship,Container ship,0.0,6102.55,16565.15,,
9242625,Container ship,Container ship,0.0,5689.84,14182.34,,
9242637,Container ship,Container ship,0.0,5682.85,13582.63,,
9242651,Container ship,Container ship,0.0,7533.52,23736.465,,
9243667,Passenger ship,Passenger ship,0.0,1728.8,2952.3916,,
9246152,Chemical tanker,Chemical tanker,490.0,4154.5,11397.27,,
9247728,Ro-pax ship,Ro-pax ship,0.0,2751.1,3457.13,,
9248552,General cargo ship,General cargo ship,0.0,793.994,1831.33133,8.76,
9253246,Chemical tanker,Chemical tanker,0.0,355.088,602.125,,
9253727,Container ship,Container ship,0.0,7596.554,13557.0584,,
9253741,Container ship,Container ship,0.0,7789.724,13941.21037,,
9255579,General cargo ship,General cargo ship,0.0,835.6,1435.015,9.01,
9256315,Container ship,Container ship,0.0,2455.05,4992.39,,
9256327,Container ship,Container ship,0.0,5379.23,16671.69,,
9256420,Oil tanker,Oil tanker,0.0,2291.8,5353.86,,
9256432,Oil tanker,Oil tanker,0.0,2358.81,5119.395,,
9261085,General cargo ship,General cargo ship,0.0,1177.2,1905.242,,
9263306,Bulk carrier,Bulk carrier,0.0,2132.1,3655.825,,
9267209,Bulk carrier,Bulk carrier,0.0,1578.772,2958.59332,,
9267558,Oil tanker,Oil tanker,0.0,3224.51,10205.445,,
9267560,Chemical tanker,Chemical tanker,0.0,3646.07,11689.3,,
9271884,Chemical tanker,Chemical tanker,0.0,815.75,663.355,,
9273727,Passenger ship,Passenger ship,0.0,7202.03,22707.29,,
9277319,General cargo ship,General cargo ship,1763.0,1759.24,5543.14,9.48,
9277321,General cargo ship,General cargo ship,0.0,1332.1,3503.5,7.67,
9277345,General cargo ship,General cargo ship,736.0,1624.8,5077.995,9.86,
9277383,Container ship,Container ship,0.0,3252.3,9300.065,,
9277395,Container ship,Container ship,0.0,5547.93,885.92416,,
9277400,Container ship,Container ship,0.0,5458.1,18.731,,
9278234,Ro-pax ship,Ro-pax ship,0.0,29088.89,91076.42,,
9278791,Bulk carrier,Bulk carrier,0.0,1389.735,2717.66874,,
9283978,Oil tanker,Oil tanker,0.0,3330.63,181.77,,
9284647,Chemical tanker,Chemical tanker,0.0,2278.51,4244.13808,,
9285029,Bulk carrier,Bulk carrier,0.0,1701.85,74.8952,,
9285122,Bulk carrier,Bulk carrier,0.0,1090.26,1849.39,,
9285134,Bulk carrier,Bulk carrier,0.0,2849.04,6324.02,,
9285146,Bulk carrier,Bulk carrier,0.0,906.65,2543.27,,
9285615,Vehicle carrier,Vehicle carrier,0.0,2425.98,729.125,,
9285627,Vehicle carrier,Vehicle carrier,0.0,2627.31,0.0,,
9285639,Vehicle carrier,Vehicle carrier,0.0,2253.52,3652.26,,
9285641,Vehicle carrier,Vehicle carrier,0.0,1800.83,0.0,,
9285861,Oil tanker,Oil tanker,0.0,727.87,1220.78,,
9285938,Bulk carrier,Bulk carrier,0.0,1533.59,2684.875,,
9285940,Bulk carrier,Bulk carrier,0.0,1648.27,2781.805,,
9286827,Chemical tanker,Chemical tanker,0.0,1387.72,316.84898,,
9287687,Container ship,Container ship,0.0,5771.63,303.86344,,
9287704,Container ship,Container ship,0.0,2397.99,5601.735,,
9287716,Container ship,Container ship,0.0,3911.76,12422.16,,
9287792,Container ship,Container ship,0.0,4883.65,12487.29,,
9288045,General cargo ship,General cargo ship,0.0,6010.35,11788.20479,8.82,
9288057,General cargo ship,General cargo ship,0.0,5223.34,10191.46282,9.02,
9288069,General cargo ship,General cargo ship,0.0,5191.37,10477.2619,8.05,
9288071,General cargo ship,General cargo ship,0.0,6544.83,11953.65479,7.75,
9288291,Bulk carrier,Bulk carrier,0.0,1972.856,3443.8388,,
9288825,Chemical tanker,Chemical tanker,0.0,2786.0,5095.095,,
9288837,Oil tanker,Oil tanker,0.0,4207.95,7586.145,,
9288849,Chemical tanker,Chemical tanker,0.0,3172.23,6143.8,,
9290074,General cargo ship,General cargo ship,0.0,1824.982,1533.78868,6.77,
9291262,Oil tanker,Oil tanker,0.0,781.9,1372.565,,
9293923,Bulk carrier,Bulk carrier,0.0,1739.706,3223.32983,,
9294977,General cargo ship,General cargo ship,0.0,2324.754,2252.32288,6.34,
9295529,Container ship,Container ship,0.0,4899.0,10093.0628,,
9296418,Oil tanker,Oil tanker,0.0,1954.68,3220.73,,
9297321,Oil tanker,Oil tanker,0.0,3149.94,5705.19,,
9297333,Oil tanker,Oil tanker,0.0,5367.51,10136.895,,
9297589,Container ship,Container ship,0.0,2487.35,4430.87,,
9298387,Chemical tanker,Chemical tanker,0.0,0.0,0.0,,
9298507,Oil tanker,Oil tanker,0.0,1708.06,3155.99,,
9299422,Oil tanker,Oil tanker,0.0,219.97,346.565,,
9300829,Chemical tanker,Chemical tanker,1840.9,3656.23,11721.88,,
9301081,Container ship,Container ship,0.0,2656.51,5601.81,,
9301108,Container ship,Container ship,0.0,5364.58,15170.59,,
9301122,Container ship,Container ship,0.0,5041.26,1304.025,,
9301201,Container ship,Container ship,0.0,3927.0,5048.36394,,
9301598,General cargo ship,General cargo ship,418.0,1809.62,5801.64,10.53,
9301603,General cargo ship,General cargo ship,1716.0,1870.66,4958.46,9.62,
9303302,General cargo ship,General cargo ship,0.0,1122.13,1887.16,9.95,
9305556,Oil tanker,Oil tanker,0.0,7874.01,22967.77,,
9305855,Oil tanker,Oil tanker,0.0,1661.67,2937.565,,
9305867,Oil tanker,Oil tanker,0.0,136.9,267.925,,
9306067,Container ship,Container ship,0.0,4874.46,15414.4,,
9306201,Container ship,Container ship,0.0,3250.2,5938.39,,
9306225,Container ship,Container ship,0.0,3934.99,11120.4,,
9307358,Container/ro-ro cargo ship,Container/ro-ro cargo ship,0.0,13091.05,37290.88406,,
9307360,Container/ro-ro cargo ship,Container/ro-ro cargo ship,0.0,12496.37,34184.91888,,
9307372,Container/ro-ro cargo ship,Container/ro-ro cargo ship,0.0,12432.13,38667.38912,,
9307384,Container/ro-ro cargo ship,Container/ro-ro cargo ship,0.0,12098.16,32958.99829,,
9307671,Oil tanker,Oil tanker,0.0,2519.44,212.31,,
9307827,Oil tanker,Oil tanker,0.0,3416.93,6113.295,,
9308546,Chemical tanker,Chemical tanker,0.0,2319.83,6596.685,,
9308558,Chemical tanker,Chemical tanker,0.0,3484.55,1601.12588,,
9308900,Chemical tanker,Chemical tanker,0.0,1936.71,5599.805,,
9309423,Oil tanker,Oil tanker,0.0,4066.54,6784.495,,
9309435,Oil tanker,Oil tanker,0.0,4738.49,8147.205,,
9310355,Chemical tanker,Chemical tanker,131.94,3287.17,10240.825,,
9311036,Oil tanker,Oil tanker,0.0,339.5,557.73,,
9311751,Chemical tanker,Chemical tanker,0.0,545.62,928.715,,
9311878,General cargo ship,General cargo ship,0.0,1095.27,2153.63,30.22,
9312169,Other ship types,Other ship types,0.0,3042.09,5381.475,,
9312195,Container ship,Container ship,0.0,5074.22,10445.93682,,
9312200,Container ship,Container ship,0.0,4978.49,13360.255,,
9312212,Container ship,Container ship,0.0,2808.43,4876.585,,
9313199,Container ship,Container ship,0.0,150.7,144.4806,,
9313228,Container ship,Container ship,0.0,5530.598,17101.9,,
9314351,General cargo ship,General cargo ship,0.0,1646.34,2802.54,7.73,
9315006,Container ship,Container ship,0.0,5326.64,14814.83,,
9315018,Container ship,Container ship,0.0,5086.82,14250.82,,
9315020,Container ship,Container ship,0.0,1009.66,2495.08,,
9315757,Chemical tanker,Chemical tanker,0.0,447.173,737.76,,
9316282,Vehicle carrier,Vehicle carrier,0.0,6703.46,18554.5,,
9316294,Vehicle carrier,Vehicle carrier,0.0,5277.73,12005.81,,
9316309,Vehicle carrier,Vehicle carrier,0.0,5999.88,16254.295,,
9316311,Vehicle carrier,Vehicle carrier,0.0,5578.61,14492.57,,
9317559,Bulk carrier,Bulk carrier,0.0,1588.59,3768.385,,
9317808,General cargo ship,General cargo ship,0.0,642.27,429.97269,6.58,
9317951,Oil tanker,Oil tanker,0.0,4666.24,8264.39,,
9318008,Oil tanker,Oil tanker,0.0,2332.5,4764.21,,
9318010,Oil tanker,Oil tanker,0.0,4021.91,6860.735,,
9318228,Chemical tanker,Chemical tanker,0.0,2481.89,7956.97,,
9318333,Oil tanker,Oil tanker,0.0,2004.44,3530.6,,
9318565,Oil tanker,Oil tanker,0.0,1272.74,0.0,,
9318773,Container ship,Container ship,0.0,4166.35,13357.31,,
9318955,General cargo ship,General cargo ship,0.0,1668.46,3630.535,18.4,
9319064,General cargo ship,General cargo ship,0.0,2697.11,8098.805,5.95,
9319569,Container ship,Container ship,0.0,0.0,0.0,,
9320063,Oil tanker,Oil tanker,0.0,2447.01,7822.05,,
9320714,Oil tanker,Oil tanker,0.0,3413.45,5662.0164,,
9321615,Chemical tanker,Chemical tanker,0.0,2204.95,7069.06,,
9321677,Oil tanker,Oil tanker,0.0,881.1,1503.95,,
9321718,Oil tanker,Oil tanker,0.0,788.4,1329.255,,
9322009,Container ship,Container ship,0.0,4160.42,7795.785,,
9322011,Container ship,Container ship,0.0,5600.59,16567.34,,
9322695,Oil tanker,Oil tanker,0.0,2241.3,336.82,,
9322700,Oil tanker,Oil tanker,0.0,2200.74,205.885,,
9322712,Oil tanker,Oil tanker,0.0,2511.92,296.2,,
9323388,Chemical tanker,Chemical tanker,0.0,3613.59,7716.48,,
9323390,Chemical tanker,Chemical tanker,0.0,3790.79,6470.085,,
9323405,Chemical tanker,Chemical tanker,0.0,2530.06,4953.195,,
9323584,Oil tanker,Oil tanker,0.0,2513.77,243.46,,
9323699,Ro-pax ship,Ro-pax ship,0.0,2150.91,6751.03,,
9323819,Oil tanker,Oil tanker,0.0,1844.46,4103.895,,
9324954,Container ship,Container ship,0.0,4198.1,0.0,,
9325908,Oil tanker,Oil tanker,0.0,4043.2,9435.44,,
9326500,Oil tanker,Oil tanker,0.0,3365.28,7001.5601,,
9326512,Oil tanker,Oil tanker,0.0,1216.05,2523.82,,
9326873,Oil tanker,Oil tanker,0.0,71.7,162.39,,
9327360,Chemical tanker,Chemical tanker,0.0,459.132,863.62,,
9327384,Chemical tanker,Chemical tanker,0.0,323.55,0.0,,
9327449,Chemical tanker,Chemical tanker,0.0,1615.26,3120.1569,,
9328053,Container ship,Container ship,0.0,1718.07,3957.865,,
9328144,Chemical tanker,Chemical tanker,0.0,355.7,0.0,,
9328974,Chemical tanker,Chemical tanker,0.0,969.3,2373.025,,
9329849,Ro-pax ship,Ro-pax ship,0.0,9666.28,30301.17,,
9329851,Ro-pax ship,Ro-pax ship,0.0,8370.8,26245.93,,
9332157,Oil tanker,Oil tanker,0.0,5480.68,9471.955,,
9332626,Oil tanker,Oil tanker,0.0,831.1,1432.38,,
9333357,Container ship,Container ship,0.0,4098.71,9203.675,,
9333395,Container ship,Container ship,0.0,5144.61,15773.275,,
9333553,General cargo ship,General cargo ship,0.0,2227.03,3653.20944,6.49,
9334325,Oil tanker,Oil tanker,0.0,2364.53,6780.725,,
9334959,Ro-ro ship,Ro-ro ship,0.0,7397.1,23208.645,,
9337224,General cargo ship,General cargo ship,0.0,1175.0,2045.55,,
9339090,Container ship,Container ship,0.0,2635.54,6687.98,,
9340582,Oil tanker,Oil tanker,0.0,2849.478,1011.58286,,
9340594,Oil tanker,Oil tanker,0.0,1506.18,3327.625,,
9340623,Oil tanker,Oil tanker,0.0,2445.95,4782.295,,
9341108,General cargo ship,General cargo ship,0.0,1988.2,6374.18,14.2,
9341184,Oil tanker,Oil tanker,0.0,2375.04,267.14,,
9341433,Oil tanker,Oil tanker,0.0,1622.61,3174.275,,
9341445,Oil tanker,Oil tanker,0.0,2369.62,4529.905,,
9341976,Container ship,Container ship,0.0,4099.92,105.6941,,
9343261,Ro-ro ship,Ro-ro ship,0.0,5280.95,10933.495,,
9343273,Ro-ro ship,Ro-ro ship,0.0,8988.41,22443.11,,
9344435,Oil tanker,Oil tanker,0.0,2480.3,5223.56,,
9344710,Container ship,Container ship,0.0,5513.75,16629.29,,
9344722,Container ship,Container ship,0.0,6348.44,18870.485,,
9345386,Container/ro-ro cargo ship,Container/ro-ro cargo ship,0.0,13290.28,39588.14438,,
9345398,Container/ro-ro cargo ship,Container/ro-ro cargo ship,0.0,11004.51,28734.77191,,
9346433,Oil tanker,Oil tanker,0.0,207.94,324.36058,,
9346445,Oil tanker,Oil tanker,0.0,3101.16,2842.22,,
9346811,Bulk carrier,Bulk carrier,0.0,2255.74,4886.59,,
9346823,Bulk carrier,Bulk carrier,0.0,1696.08,3688.03,,
9346835,Bulk carrier,Bulk carrier,0.0,1996.55,4550.525,,
9346847,Bulk carrier,Bulk carrier,0.0,2172.06,4342.57,,
9347035,General cargo ship,General cargo ship,0.0,2893.39,5532.59358,6.99,
9347748,Chemical tanker,Chemical tanker,0.0,710.47,1796.93,,
9348297,Chemical tanker,Chemical tanker,0.0,3155.4559,7900.52,,
9348936,Container/ro-ro cargo ship,Container/ro-ro cargo ship,0.0,6655.09,20990.83,,
9348948,Container/ro-ro cargo ship,Container/ro-ro cargo ship,0.0,7988.08,24709.325,,
9349174,Container ship,Container ship,0.0,3883.39,9026.575,,
9349215,Container ship,Container ship,0.0,3850.37,9431.44,,
9349435,General cargo ship,General cargo ship,430.0,2794.54,6204.04,6.22,
9349461,General cargo ship,General cargo ship,507.0,2162.37,4332.77,6.12,
9349863,Ro-pax ship,Ro-pax ship,0.0,31409.83,98335.39,,
9350771,General cargo ship,General cargo ship,1181.0,1882.87,5343.765,10.2,
9350783,General cargo ship,General cargo ship,1167.0,1773.98,5687.4,11.73,
9350886,Gas carrier,Gas carrier,0.0,3101.92,9392.91,,
9350898,Gas carrier,Gas carrier,0.0,1756.94,5049.755,,
9351567,Oil tanker,Oil tanker,0.0,2489.07,242.85,,
9351634,Oil tanker,Oil tanker,0.0,1598.18,0.0,,
9353084,Chemical tanker,Chemical tanker,0.0,1948.92,4982.17,,
9353101,Chemical tanker,Chemical tanker,0.0,3008.84,7060.655,,
9353735,Container ship,Container ship,0.0,3797.645,11294.305,,
9354349,Container ship,Container ship,0.0,2074.53,3524.78,,
9354351,Container ship,Container ship,0.0,3694.32,11612.28,,
9354363,Container ship,Container ship,0.0,5585.71,13840.65238,,
9354442,Container ship,Container ship,0.0,2516.29,5292.97,,
9356622,Chemical tanker,Chemical tanker,0.0,3119.61,8253.965,,
9357597,Ro-ro ship,Ro-ro ship,0.0,11782.45,36806.39,,
9357602,Ro-ro ship,Ro-ro ship,0.0,12113.255,37869.74,,
9358369,Bulk carrier,Bulk carrier,0.0,1717.8,3015.315,,
9358371,Bulk carrier,Bulk carrier,0.0,372.68,636.665,,
9358383,Bulk carrier,Bulk carrier,0.0,2570.5,5092.635,,
9358395,Bulk carrier,Bulk carrier,0.0,1209.98,2394.86,,
9358539,Container ship,Container ship,0.0,2612.74,6706.79,,
9358890,Container ship,Container ship,0.0,2653.39,1456.955,,
9358905,Container ship,Container ship,0.0,3806.01,9951.77,,
9358931,Oil tanker,Oil tanker,0.0,2459.3,299.89,,
9359258,Container ship,Container ship,0.0,5162.25,16177.68,,
9360972,Container ship,Container ship,0.0,245.12,397.645,,
9360984,Container ship,Container ship,0.0,1191.58,0.0,,
9362152,Oil tanker,Oil tanker,0.0,2322.56,5764.745,,
9363534,Other ship types,Other ship types,0.0,1171.79,2157.49,13.12,
9364722,Ro-pax ship,Ro-pax ship,0.0,23241.52,48138.86,,
9365623,Chemical tanker,Chemical tanker,0.0,2242.33,3575.66818,,
9365635,Chemical tanker,Chemical tanker,0.0,79.4,211.42665,,
9365661,General cargo ship,General cargo ship,0.0,2837.18,4783.5752,5.89,
9365829,Container ship,Container ship,0.0,3551.82,5541.78,,
9365843,Container ship,Container ship,0.0,2277.33,5685.98,,
9365855,Container ship,Container ship,0.0,4386.39,6840.685,,
9365867,Container ship,Container ship,0.0,4144.9,6467.565,,
9365879,Container ship,Container ship,0.0,4727.25,7373.89,,
9365960,Container ship,Container ship,0.0,4267.707,13388.76,,
9365972,Container ship,Container ship,0.0,4197.8,7206.934,,
9365984,Container ship,Container ship,0.0,3520.43,9342.195,,
9366122,Other ship types,Other ship types,0.0,1939.21,4000.105,6.27,
9366134,Other ship types,Other ship types,0.0,2802.34,6065.29,6.27,
9366146,Other ship types,Other ship types,0.0,2598.31,5104.96,6.2,
9366158,Other ship types,Other ship types,0.0,2399.73,4819.235,5.96,
9366445,Container ship,Container ship,0.0,5933.36,10175.72,,
9366471,Container ship,Container ship,0.0,6904.77,12617.99,,
9368326,Other ship types,Other ship types,0.0,2975.25,5531.645,6.8,
9369007,Container ship,Container ship,0.0,4271.36,11138.105,,
9369069,General cargo ship,General cargo ship,0.0,1958.22,3694.74,5.62,
9369291,General cargo ship,General cargo ship,0.0,1310.92,3298.275,7.71,
9369306,General cargo ship,General cargo ship,0.0,654.56,1250.445,6.52,
9370018,Ro-pax ship,Ro-pax ship,0.0,1439.12,3307.55,,
9371402,Container ship,Container ship,0.0,4346.56,10173.895,,
9371610,Oil tanker,Oil tanker,0.0,2578.37,288.89,,
9371804,Chemical tanker,Chemical tanker,0.0,1205.44423,2139.285,,
9371878,Oil tanker,Oil tanker,0.0,2578.28,8085.145,,
9372274,Container ship,Container ship,0.0,5109.47,16197.33,,
9372652,Chemical tanker,Chemical tanker,0.0,2928.77,9306.425,,
9373137,Chemical tanker,Chemical tanker,0.0,3882.01,10683.11438,,
9373230,Chemical tanker,Chemical tanker,0.0,3884.08,7426.57072,,
9373632,Chemical tanker,Chemical tanker,0.0,2563.25,6450.51369,,
9373644,Chemical tanker,Chemical tanker,0.0,2523.44,6839.33415,,
9374519,Ro-pax ship,Ro-pax ship,0.0,21843.93,66849.18,,
9374973,General cargo ship,General cargo ship,0.0,2198.96,3448.66916,12.24,
9375252,Container ship,Container ship,0.0,4440.89,8223.27,,
9375604,Chemical tanker,Chemical tanker,0.0,4380.3,8246.92,,
9375616,Oil tanker,Oil tanker,0.0,923.75,1995.91,,
9376141,Container ship,Container ship,0.0,2878.3,5939.335,,
9376854,Chemical tanker,Chemical tanker,0.0,2733.7,6669.905,,
9378682,Ro-pax ship,Ro-pax ship,0.0,23617.16,72731.84,,
9378723,Oil tanker,Oil tanker,0.0,2357.16,332.04,,
9378735,Oil tanker,Oil tanker,0.0,2086.85,255.675,,
9379313,Oil tanker,Oil tanker,0.0,2828.42,5276.07,,
9380831,Chemical tanker,Chemical tanker,0.0,2751.8,4938.235,,
9381706,General cargo ship,General cargo ship,0.0,2278.14,6663.79,5.43,
9383443,Oil tanker,Oil tanker,0.0,3406.67,8109.375,,
9383857,Bulk carrier,Bulk carrier,0.0,3620.692,5973.28,,
9383900,LNG carrier,LNG carrier,0.0,18272.23,14554.26,,
9385881,General cargo ship,General cargo ship,0.0,1574.47,4041.0,6.9,
9385893,General cargo ship,General cargo ship,0.0,1954.27,3725.0597,10.45,
9385908,General cargo ship,General cargo ship,0.0,2208.78,6498.015,9.32,
9386225,Vehicle carrier,Vehicle carrier,0.0,5638.92,5013.195,,
9386249,Chemical tanker,Chemical tanker,0.0,3096.32,8963.34,,
9386718,Container ship,Container ship,0.0,6014.88,10344.7,,
9386914,Bulk carrier,Bulk carrier,0.0,2362.69,4641.86,,
9386926,Bulk carrier,Bulk carrier,0.0,1909.55,4216.52,,
9386976,Container ship,Container ship,0.0,3224.17,8275.095,,
9386988,Container ship,Container ship,0.0,1754.54,1878.655,,
9387425,Container ship,Container ship,0.0,4274.65,13376.72,,
9387592,Container ship,Container ship,0.0,4503.75,1013.5,,
9388895,Other ship types,Other ship types,0.0,385.86,820.585,,
9389306,Container ship,Container ship,0.0,4546.96,7634.725,,
9389813,Bulk carrier,Bulk carrier,0.0,1037.839,1649.5,,
9390769,Oil tanker,Oil tanker,0.0,2066.92,3441.75,,
9390991,Chemical tanker,Chemical tanker,240.0,2884.0,8135.22,,
9391000,Chemical tanker,Chemical tanker,0.0,3257.35,9914.07,,
9392468,Oil tanker,Oil tanker,0.0,766.03,1193.44,,
9392470,Oil tanker,Oil tanker,0.0,984.79,1872.135,,
9392482,Oil tanker,Oil tanker,0.0,1704.73,3107.6802,,
9393149,Bulk carrier,Bulk carrier,0.0,1767.17,3460.515,,
9393151,Bulk carrier,Bulk carrier,0.0,1358.81,3192.685,,
9393163,Bulk carrier,Bulk carrier,0.0,978.13,2381.375,,
9393448,Bulk carrier,Bulk carrier,0.0,1894.45,3968.745,,
9393450,Bulk carrier,Bulk carrier,0.0,2468.83,6230.36,,
9393462,Bulk carrier,Bulk carrier,0.0,2617.0,5726.46,,
9393474,Bulk carrier,Bulk carrier,0.0,1964.38,4184.165,,
9393541,Other ship types,Other ship types,0.0,3535.9,6520.1,4.88,
9393565,Other ship types,Other ship types,0.0,1583.69,3126.99,5.42,
9393981,Other ship types,Other ship types,0.0,2564.78,4601.185,127.28,
9395343,Ro-ro ship,Ro-ro ship,0.0,7336.893,12613.445,,
9395355,Ro-ro ship,Ro-ro ship,0.0,8513.38,12797.0,,
9395563,Container ship,Container ship,0.0,2865.26,4870.77,,
9395575,Container ship,Container ship,0.0,5181.45,16108.645,,
9396696,Container ship,Container ship,0.0,973.0,2233.155,,
9397171,General cargo ship,General cargo ship,0.0,2201.12,4006.0625,6.69,
9398773,Container ship,Container ship,0.0,3672.42,11504.11,,
9400708,Chemical tanker,Chemical tanker,0.0,2565.16,7865.62,,
9401128,Chemical tanker,Chemical tanker,0.0,2081.99,3417.32,,
9401544,Oil tanker,Oil tanker,0.0,2180.25,6134.795,,
9401556,Oil tanker,Oil tanker,0.0,2241.62,6583.84,,
9402043,Other ship types,Other ship types,0.0,2305.59,3986.81,8.22,
9402055,Other ship types,Other ship types,0.0,2322.36,4378.105,10.25,
9402081,Other ship types,Other ship types,0.0,1070.79,2026.525,46.07,
9402093,Other ship types,Other ship types,0.0,1496.06,2714.975,9.01,
9404388,Chemical tanker,Chemical tanker,0.0,1132.41,1838.59,,
9404443,Bulk carrier,Bulk carrier,0.0,1291.61,2132.15,,
9404584,LNG carrier,LNG carrier,0.0,2955.22,5619.81801,,
9404625,Gas carrier,Gas carrier,0.0,3257.61,10151.135,,
9404704,Other ship types,Other ship types,0.0,4832.17,9136.67,104.26,
9404716,Other ship types,Other ship types,0.0,914.76,1424.35,33.18,
9405320,Chemical tanker,Chemical tanker,0.0,36.0,66.83,,
9406582,Chemical tanker,Chemical tanker,0.0,2700.49,8514.17,,
9407665,Vehicle carrier,Vehicle carrier,0.0,1646.39,1493.1904,,
9407689,Vehicle carrier,Vehicle carrier,0.0,6127.18,12327.53,,
9407976,Oil tanker,Oil tanker,0.0,2291.63,81.085,,
9407988,Oil tanker,Oil tanker,0.0,3219.42,400.5,,
9409742,Bulk carrier,Bulk carrier,0.0,590.35,1045.89,,
9410131,Chemical tanker,Chemical tanker,0.0,347.6,733.6082,,
9410909,Chemical tanker,Chemical tanker,0.0,1556.84,2748.565,,
9410911,Chemical tanker,Chemical tanker,0.0,0.0,0.0,,
9412517,Container ship,Container ship,0.0,4315.42,9871.035,,
9412529,Container ship,Container ship,0.0,4645.06,11838.445,,
9412531,Container ship,Container ship,0.0,4333.12,13437.19,,
9413913,Bulk carrier,Bulk carrier,0.0,1454.67,2909.065,,
9413925,Bulk carrier,Bulk carrier,0.0,1661.19,2765.33,,
9415040,General cargo ship,General cargo ship,0.0,2124.61,6596.77,9.24,
9415064,Other ship types,Other ship types,0.0,1099.45,342.915,72.48,
9415155,Bulk carrier,Bulk carrier,0.0,1329.23,2370.065,,
9415167,Bulk carrier,Bulk carrier,0.0,1911.24,3529.975,,
9415208,Bulk carrier,Bulk carrier,0.0,1141.83,2179.055,,
9415246,Bulk carrier,Bulk carrier,0.0,1767.98,2984.02,,
9417919,Ro-pax ship,Ro-pax ship,0.0,14363.55,45297.94,,
9418822,Chemical tanker,Chemical tanker,0.0,2868.94,7748.845,,
9418987,Other ship types,Other ship types,0.0,1745.17,3417.86,7.78,
9418999,Other ship types,Other ship types,0.0,869.28,1370.09,23.68,
9419163,Ro-pax ship,Ro-pax ship,0.0,19412.84,31519.14,,
9419175,Ro-pax ship,Ro-pax ship,0.0,18782.89,30673.5,,
9420423,Ro-pax ship,Ro-pax ship,0.0,14291.08,45066.58,,
9420772,General cargo ship,General cargo ship,0.0,3246.85,5185.72775,8.7,
9420784,General cargo ship,General cargo ship,0.0,9.1,14.1779,4.72,
9420796,General cargo ship,General cargo ship,0.0,745.67,1401.94297,46.48,
9420801,General cargo ship,General cargo ship,0.0,647.53,1429.47398,10.51,
9420813,General cargo ship,General cargo ship,0.0,640.18,1434.12898,7.88,
9420825,General cargo ship,General cargo ship,0.0,2693.35,4528.98343,6.89,
9421219,Chemical tanker,Chemical tanker,0.0,1465.52,4206.835,,
9421221,Chemical tanker,Chemical tanker,0.0,931.21,1967.355,,
9422378,Bulk carrier,Bulk carrier,0.0,3133.37,5968.015,,
9422677,Chemical tanker,Chemical tanker,0.0,1321.1,2141.7899,,
9423786,Bulk carrier,Bulk carrier,0.0,2332.32,5472.215,,
9423798,Bulk carrier,Bulk carrier,0.0,812.04,1549.29,,
9424558,General cargo ship,General cargo ship,0.0,1544.17,3377.72937,12.75,
9424560,General cargo ship,General cargo ship,0.0,2529.45,4635.83713,8.62,
9424572,General cargo ship,General cargo ship,0.0,6965.04,11890.31533,12.86,
9425356,Chemical tanker,Chemical tanker,19.1,2472.39,7523.03,,
9425502,Oil tanker,Oil tanker,0.0,3901.39,9129.95496,,
9428085,Chemical tanker,Chemical tanker,0.0,2838.56,8831.975,,
9428205,Container ship,Container ship,0.0,4266.89,295.57236,,
9428217,Container ship,Container ship,0.0,2875.33,473.47604,,
9428413,General cargo ship,General cargo ship,0.0,1869.42,3296.53699,9.93,
9428425,General cargo ship,General cargo ship,0.0,3719.17,7104.68082,10.2,
9428657,General cargo ship,General cargo ship,0.0,1304.02,2405.665,6.38,
9428669,General cargo ship,General cargo ship,0.0,1527.95,2981.3782,7.93,
9429194,Container ship,Container ship,0.0,5507.62,9043.63,,
9429223,Container ship,Container ship,0.0,4900.72,14851.74,,
9429235,Container ship,Container ship,0.0,5365.28,16246.46,,
9429261,Container ship,Container ship,0.0,3815.09,8928.145,,
9429273,Container ship,Container ship,0.0,4666.96,11019.985,,
9430947,General cargo ship,General cargo ship,0.0,2073.0,6338.785,9.3,
9430959,General cargo ship,General cargo ship,0.0,2111.06,6233.88,7.8,
9430961,General cargo ship,General cargo ship,0.0,1870.79,5471.155,7.78,
9430973,General cargo ship,General cargo ship,0.0,1956.8,6031.39,8.81,
9430985,General cargo ship,General cargo ship,0.0,2098.6,6553.375,7.43,
9430997,General cargo ship,General cargo ship,0.0,2137.49,5968.715,8.73,
9431006,General cargo ship,General cargo ship,0.0,1814.5,5548.705,8.12,
9431018,General cargo ship,General cargo ship,0.0,1748.11,5283.785,8.57,
9431032,Chemical tanker,Chemical tanker,0.0,2241.86,6910.085,,
9431331,Container ship,Container ship,0.0,4096.692,10789.84142,,
9432866,Chemical tanker,Chemical tanker,0.0,2615.72,7370.345,,
9433262,General cargo ship,General cargo ship,0.0,2626.97,5693.5841,10.55,
9433274,General cargo ship,General cargo ship,0.0,144.1,224.4051,7.9,
9434931,Container ship,Container ship,0.0,8026.45,5081.69,,
9434943,Container ship,Container ship,0.0,8330.88,1972.46868,,
9435105,Other ship types,Other ship types,0.0,2241.69,0.0,8.21,
9435117,General cargo ship,General cargo ship,0.0,2419.826827,1812.52661,9.48,
9435753,General cargo ship,General cargo ship,0.0,1639.97,3105.34994,13.46,
9435765,General cargo ship,General cargo ship,0.0,2239.32,4407.87682,7.18,
9435868,General cargo ship,General cargo ship,0.0,404.72,664.0805,7.91,
9436214,Container ship,Container ship,0.0,4120.69,6725.335,,
9436226,General cargo ship,General cargo ship,1031.0,1520.38,4874.35,10.27,
9436238,General cargo ship,General cargo ship,548.0,1554.48,4983.67,8.88,
9436240,General cargo ship,General cargo ship,532.0,1763.99,5655.36,10.19,
9436264,General cargo ship,General cargo ship,0.0,1384.7,4439.35,10.84,
9436290,Container ship,Container ship,0.0,5663.99,17255.76,,
9436329,General cargo ship,General cargo ship,0.0,2375.57,4032.36472,6.4,
9437309,Other ship types,Other ship types,0.0,2022.44,3634.995,31.19,
9438444,Chemical tanker,Chemical tanker,0.0,3164.35,9649.455,,
9438573,General cargo ship,General cargo ship,0.0,2884.84,5149.995,5.83,
9438585,General cargo ship,General cargo ship,0.0,1927.54,3361.535,5.79,
9438638,Bulk carrier,Bulk carrier,0.0,2560.2,4163.095,,
9440576,Container ship,Container ship,0.0,2447.61,5963.345,,
9440588,Container ship,Container ship,0.0,4921.96,15368.0,,
9440590,Container ship,Container ship,0.0,955.07,2414.455,,
9440605,Container ship,Container ship,0.0,1246.28,480.945,,
9441984,Bulk carrier,Bulk carrier,0.0,1669.56,2665.9,,
9442914,Chemical tanker,Chemical tanker,0.0,2347.2,7525.14,,
9443554,Ro-ro ship,Ro-ro ship,0.0,10020.31,31303.32,,
9443566,Ro-ro ship,Ro-ro ship,64.0,7004.77,13823.84,,
9443669,General cargo ship,General cargo ship,0.0,2765.43,6054.53197,8.15,
9446104,Container ship,Container ship,0.0,7810.68,1362.4208,,
9448308,General cargo ship,General cargo ship,0.0,2700.1,5567.99299,12.5,
9448346,General cargo ship,General cargo ship,0.0,4519.82,8088.13577,12.72,
9448358,General cargo ship,General cargo ship,0.0,1353.32,2325.49915,13.07,
9448360,General cargo ship,General cargo ship,0.0,2567.72,6167.27809,10.69,
9448384,General cargo ship,General cargo ship,0.0,2907.72,4999.95032,7.93,
9448669,Container ship,Container ship,0.0,4358.51,9117.07,,
9448671,Container ship,Container ship,0.0,5604.23,13221.0555,,
9448683,Container ship,Container ship,0.0,4373.23,13581.605,,
9448695,Container ship,Container ship,0.0,2836.5,6554.0,,
9451226,Chemical tanker,Chemical tanker,0.0,2235.11,6870.4,,
9451343,Other ship types,Other ship types,0.0,624.32,1036.06,15.5,
9454230,Container ship,Container ship,0.0,3840.82,9577.475,,
9454242,Container ship,Container ship,0.0,995.03,1895.715,,
9455739,Oil tanker,Oil tanker,0.0,572.55,962.26,,
9457220,General cargo ship,General cargo ship,0.0,2151.91,4007.86683,18.8,
9458248,General cargo ship,General cargo ship,0.0,1736.4,4333.68,8063.83,
9458391,General cargo ship,General cargo ship,0.0,1472.39,2737.225,5.02,
9458418,General cargo ship,General cargo ship,0.0,152.9,247.0,4.4,
9458420,General cargo ship,General cargo ship,0.0,2775.604,2881.2317,,
9458444,General cargo ship,General cargo ship,0.0,221.928,353.83446,,
9458456,General cargo ship,General cargo ship,0.0,836.69,1460.4,7.85,
9458987,Bulk carrier,Bulk carrier,0.0,2982.34,4731.42,,
9459967,Bulk carrier,Bulk carrier,0.0,2107.27,3783.335,,
9459981,Bulk carrier,Bulk carrier,0.0,1993.16,3610.995,,
9460239,Chemical tanker,Chemical tanker,0.0,2000.24,330.51,,
9460241,Oil tanker,Oil tanker,0.0,2958.68,322.91,,
9461594,Container ship,Container ship,0.0,2283.4,6302.795,,
9462794,Container ship,Container ship,0.0,4763.26,14953.93,,
9465394,Other ship types,Other ship types,0.0,953.61767,1668.25591,,
9466996,General cargo ship,General cargo ship,0.0,1743.89,3209.18402,11.67,
9467017,General cargo ship,General cargo ship,0.0,2815.2,5171.15,,
9467158,Other ship types,Other ship types,0.0,1342.46,0.0,5.98,
9468114,General cargo ship,General cargo ship,0.0,1317.1,0.0,,
9469376,Ro-pax ship,Ro-pax ship,0.0,9513.69,15433.52,,
9469388,Ro-pax ship,Ro-pax ship,0.0,9611.13,15446.12,,
9470143,Bulk carrier,Bulk carrier,0.0,346.3,552.349,,
9470375,Bulk carrier,Bulk carrier,0.0,2298.04,3670.375,,
9470387,Bulk carrier,Bulk carrier,0.0,1747.78,622.01455,,
9470404,Bulk carrier,Bulk carrier,0.0,2926.49,4708.485,,
9473080,Chemical tanker,Chemical tanker,0.0,2361.9,5514.515,,
9473092,Chemical tanker,Chemical tanker,0.0,3703.22,8188.905,,
9473107,Chemical tanker,Chemical tanker,0.0,3022.31,7637.725,,
9473119,Chemical tanker,Chemical tanker,0.0,3129.4,7704.165,,
9474383,Container ship,Container ship,0.0,3261.51,10456.4,,
9474395,Container ship,Container ship,0.0,4252.799,11552.74,,
9474450,Chemical tanker,Chemical tanker,0.0,2439.39,6875.68,,
9476977,Bulk carrier,Bulk carrier,0.0,270.85,421.79165,,
9477828,Bulk carrier,Bulk carrier,0.0,1095.15,2007.005,,
9482550,Chemical tanker,Chemical tanker,0.0,1519.48,2491.84,,
9482562,Chemical tanker,Chemical tanker,0.0,3025.59,5643.11,,
9482574,Gas carrier,Gas carrier,0.0,1199.7,2209.53,,
9483334,Container ship,Container ship,0.0,4619.66,14197.34,,
9483358,Container ship,Container ship,0.0,5609.2,5893.2636,,
9483669,Container ship,Container ship,0.0,4467.005,13580.06,,
9483671,Container ship,Container ship,0.0,4310.183,13112.8,,
9483683,Container ship,Container ship,0.0,5555.34,3786.66624,,
9485356,Chemical tanker,Chemical tanker,168.9,2295.16,6785.77,,
9485368,Chemical tanker,Chemical tanker,0.0,1890.2,5075.22,,
9486180,Chemical tanker,Chemical tanker,0.0,425.05,834.1482,,
9486192,Chemical tanker,Chemical tanker,0.0,667.82,1802.20821,,
9488059,Other ship types,Other ship types,0.0,671.13,1257.3,9.6,
9488097,Bulk carrier,Bulk carrier,0.0,1900.53,4296.875,,
9488102,Bulk carrier,Bulk carrier,0.0,1854.37,3194.005,,
9488839,Oil tanker,Oil tanker,0.0,2032.7,6447.995,,
9489209,Chemical tanker,Chemical tanker,0.0,4312.37,7710.985,,
9491472,Container ship,Container ship,0.0,2747.58,8352.705,,
9491484,Container ship,Container ship,0.0,4624.74,10079.125,,
9491496,Container ship,Container ship,0.0,4557.87,12398.865,,
9491501,Container ship,Container ship,0.0,3292.23,10082.4,,
9496252,Bulk carrier,Bulk carrier,0.0,2076.1,4604.425,,
9496264,Bulk carrier,Bulk carrier,0.0,2168.84,4878.325,,
9498224,Bulk carrier,Bulk carrier,0.0,428.98,690.19,,
9498248,Bulk carrier,Bulk carrier,0.0,1903.58,3099.075,,
9498250,Bulk carrier,Bulk carrier,0.0,1397.2,2283.295,,
9498262,Bulk carrier,Bulk carrier,0.0,1641.42,2907.565,,
9498274,Bulk carrier,Bulk carrier,0.0,729.94,1604.08138,,
9499371,Chemical tanker,Chemical tanker,0.0,1104.689,1733.44658,,
9501253,General cargo ship,General cargo ship,0.0,1467.69,3024.17445,8.25,
9501679,Other ship types,Other ship types,0.0,2838.02,9086.68,8.04,
9504035,Container ship,Container ship,0.0,4463.83,13793.595,,
9504073,Container ship,Container ship,0.0,4501.72,13033.32,,
9504114,General cargo ship,General cargo ship,0.0,2121.85,6695.195,7.58,
9504126,General cargo ship,General cargo ship,0.0,2002.91,5380.8,7.41,
9504138,General cargo ship,General cargo ship,0.0,2036.09,5770.49,6.3,
9504140,General cargo ship,General cargo ship,0.0,1685.95,5405.17,8.59,
9504279,General cargo ship,General cargo ship,0.0,750.69,1510.61,7.37,
9504724,Other ship types,Other ship types,0.0,2882.47,5608.625,9.72,
9504736,Other ship types,Other ship types,0.0,1649.51,2791.54,9.92,
9504748,Other ship types,Other ship types,0.0,2050.99,4295.145,11.08,
9504750,Other ship types,Other ship types,0.0,4165.83,6950.76,7.96,
9505132,General cargo ship,General cargo ship,0.0,1594.97,5113.48,10.4,
9505584,General cargo ship,General cargo ship,2.0,2360.11,4652.21,5.47,
9505596,General cargo ship,General cargo ship,592.0,2916.71,6156.17,6.04,
9505601,General cargo ship,General cargo ship,0.0,2523.76,5272.155,5.8,
9505613,General cargo ship,General cargo ship,0.0,2900.28,6742.5,6.1,
9506722,Other ship types,Other ship types,0.0,1802.8,2999.64,,
9507609,General cargo ship,General cargo ship,0.0,1619.58,2862.07026,6.95,
9507611,General cargo ship,General cargo ship,0.0,2406.06,4366.50939,7.34,
9508316,Other ship types,Other ship types,0.0,2158.32,4384.025,,
9508794,General cargo ship,General cargo ship,2637.0,2099.7259,5963.315,7.71,
9508809,General cargo ship,General cargo ship,3200.0,2340.087,7381.154,7.36,
9509619,General cargo ship,General cargo ship,0.0,1493.54,2464.025,6.63,
9509956,General cargo ship,General cargo ship,0.0,2899.97,5368.2783,7.62,
9509968,General cargo ship,General cargo ship,0.0,837.16,1003.72432,8.13,
9515101,Bulk carrier,Bulk carrier,0.0,2028.946,3971.54484,,
9516131,General cargo ship,General cargo ship,0.0,2295.96,5171.49,6.15,
9516143,General cargo ship,General cargo ship,0.0,2969.89,6567.04,5.87,
9516155,General cargo ship,General cargo ship,0.0,2303.05,4887.39,6.11,
9516179,General cargo ship,General cargo ship,0.0,2436.48,5080.09,5.97,
9517903,Other ship types,Other ship types,0.0,4325.37767,7061.83665,,
9517927,Other ship types,Other ship types,0.0,3120.013,5035.92965,,
9517939,Other ship types,Other ship types,0.0,171.7,276.4665,,
9521849,General cargo ship,General cargo ship,0.0,1249.94,1135.46,37.19,
9521851,General cargo ship,General cargo ship,0.0,3021.96,5556.92,5.6,
9521863,General cargo ship,General cargo ship,0.0,1677.39,2836.77,10.16,
9522946,Bulk carrier,Bulk carrier,0.0,729.16,1335.345,,
9522958,Bulk carrier,Bulk carrier,0.0,1160.35,3031.57,,
9523548,Chemical tanker,Chemical tanker,1316.0,3311.6,10432.96,,
9524205,Bulk carrier,Bulk carrier,0.0,1200.73,0.0,,
9526095,General cargo ship,General cargo ship,0.0,1164.25,2645.0062,8.28,
9528902,Chemical tanker,Chemical tanker,0.0,2476.26,6441.275,,
9529451,Bulk carrier,Bulk carrier,0.0,4037.49,6899.405,,
9529463,Bulk carrier,Bulk carrier,0.0,3248.11,5772.435,,
9529578,Bulk carrier,Bulk carrier,0.0,1483.206,3327.83421,,
9532812,General cargo ship,General cargo ship,0.0,1466.97,2579.36,5.84,
9536428,General cargo ship,General cargo ship,0.0,1182.47,1878.8,3.67,
9540716,LNG carrier,LNG carrier,0.0,15696.1439,22054.37566,,
9546796,Bulk carrier,Bulk carrier,0.0,548.46,897.85,,
9547219,Container/ro-ro cargo ship,Container/ro-ro cargo ship,0.0,2744.47,4433.845,,
9551923,Bulk carrier,Bulk carrier,0.0,795.701,913.10138,,
9551935,General cargo ship,General cargo ship,0.0,600.96,1387.04049,14.11,
9551947,General cargo ship,General cargo ship,0.0,4047.42,7151.80477,8.34,
9551959,General cargo ship,General cargo ship,0.0,2375.3,4340.09503,9.62,
9551973,General cargo ship,General cargo ship,0.0,1962.36,3326.32268,16.26,
9559884,Other ship types,Other ship types,0.0,1009.21,1841.855,8.07,
9559896,Other ship types,Other ship types,0.0,1144.11,2242.715,9.19,
9564138,Bulk carrier,Bulk carrier,0.0,920.58,1553.19,,
9564140,Bulk carrier,Bulk carrier,0.0,1047.32,1796.11,,
9566796,Other ship types,Other ship types,0.0,1575.36,4574.485,7.1,
9571387,Other ship types,Other ship types,0.0,2706.34,4689.485,,
9571521,General cargo ship,General cargo ship,0.0,2215.2,3679.07292,8.15,
9571533,General cargo ship,General cargo ship,0.0,2585.55,5022.30026,10.63,
9571545,General cargo ship,General cargo ship,0.0,3528.99,6310.57353,7.55,
9572745,Chemical tanker,Chemical tanker,0.0,2025.11,5823.755,,
9572757,Chemical tanker,Chemical tanker,0.0,3657.57,10572.785,,
9577630,Other ship types,Other ship types,0.0,333.77,580.49,2.57,
9577757,Bulk carrier,Bulk carrier,0.0,1076.2,0.0,,
9578957,Other ship types,Other ship types,0.0,242.23,402.105,17.08,
9580962,Chemical tanker,Chemical tanker,0.0,5070.31,8494.94,,
9580974,Chemical tanker,Chemical tanker,0.0,5290.02,8811.795,,
9581019,Chemical tanker,Chemical tanker,0.0,1338.44,3559.045,,
9586605,Ro-pax ship,Ro-pax ship,0.0,14062.64,38530.81,,
9586617,Ro-pax ship,Ro-pax ship,0.0,14854.2,40464.23,,
9589085,Bulk carrier,Bulk carrier,0.0,1021.9,1661.95,,
9590618,Bulk carrier,Bulk carrier,0.0,1480.99,151.66935,,
9590797,Bulk carrier,Bulk carrier,0.0,1469.14,0.0,,
9590802,Bulk carrier,Bulk carrier,0.0,1294.36,0.0,,
9594224,Bulk carrier,Bulk carrier,0.0,520.48,898.68,,
9594236,Bulk carrier,Bulk carrier,0.0,3005.37,5926.395,,
9594248,Bulk carrier,Bulk carrier,0.0,1456.97,2661.915,,
9594250,Bulk carrier,Bulk carrier,0.0,1138.7,2330.25,,
9594444,Bulk carrier,Bulk carrier,0.0,1083.91,1753.21,,
9594468,Bulk carrier,Bulk carrier,0.0,777.55,1230.15,,
9595254,Bulk carrier,Bulk carrier,0.0,1265.73,2456.785,,
9595888,Bulk carrier,Bulk carrier,0.0,758.483,1208.98868,,
9595905,Bulk carrier,Bulk carrier,0.0,741.071,1370.18354,,
9598282,Bulk carrier,Bulk carrier,0.0,913.33,1687.125,,
9598294,Bulk carrier,Bulk carrier,0.0,2158.5,3696.94,,
9604184,General cargo ship,General cargo ship,4.0,1944.106,5985.4405,6.15,
9605176,Bulk carrier,Bulk carrier,0.0,631.04,1005.385,,
9605188,Bulk carrier,Bulk carrier,0.0,1674.4,2849.13,,
9606053,Bulk carrier,Bulk carrier,0.0,202.97,341.76953,,
9606821,Bulk carrier,Bulk carrier,0.0,1200.958,2195.76649,,
9606833,Bulk carrier,Bulk carrier,0.0,197.43,362.42824,,
9609653,Bulk carrier,Bulk carrier,0.0,531.422,1276.16944,,
9609744,Bulk carrier,Bulk carrier,0.0,822.562,1141.64429,,
9609952,Ro-ro ship,Ro-ro ship,0.0,4993.98,8265.2,,
9609964,Ro-ro ship,Ro-ro ship,0.0,11552.68,18296.915,,
9610341,Chemical tanker,Chemical tanker,0.0,589.23,1291.57,,
9610456,Bulk carrier,Bulk carrier,0.0,682.16,1083.41357,,
9610468,Bulk carrier,Bulk carrier,0.0,1048.82,1903.75767,,
9612296,Bulk carrier,Bulk carrier,0.0,790.17,1718.75,,
9612325,Bulk carrier,Bulk carrier,0.0,2756.56,5069.15,,
9614842,Bulk carrier,Bulk carrier,0.0,0.0,0.0,,
9614854,Bulk carrier,Bulk carrier,0.0,0.0,0.0,,
9616230,Passenger ship,Passenger ship,0.0,4910.9,12227.4788,,
9617698,LNG carrier,LNG carrier,0.0,5675.45,14983.445,,
9618135,General cargo ship,General cargo ship,0.0,2120.57,3998.235,15.57,
9620994,Bulk carrier,Bulk carrier,0.0,461.37,720.0535,,
9621003,Bulk carrier,Bulk carrier,0.0,623.23,1309.425,,
9621871,Bulk carrier,Bulk carrier,0.0,1444.63,2428.24,,
9621883,Bulk carrier,Bulk carrier,0.0,588.5,943.28,,
9621895,Bulk carrier,Bulk carrier,0.0,574.7,0.0,,
9627966,LNG carrier,LNG carrier,0.0,14217.59,20897.975,,
9637131,Bulk carrier,Bulk carrier,0.0,833.63,1512.405,,
9637143,Bulk carrier,Bulk carrier,0.0,437.85,716.16,,
9644483,Bulk carrier,Bulk carrier,0.0,322.517,525.68581,,
9644495,Bulk carrier,Bulk carrier,0.0,847.458,1795.61573,,
9650418,Passenger ship,Passenger ship,0.0,9665.57,24788.22,,
9650420,Passenger ship,Passenger ship,0.0,5490.27,14270.93,,
9654878,LNG carrier,LNG carrier,0.0,8097.37,11472.305,,
9654880,LNG carrier,LNG carrier,0.0,11672.07,16113.525,,
9655511,Gas carrier,Gas carrier,0.0,161.6,344.5668,,
9656498,Other ship types,Other ship types,0.0,3394.38,6847.405,65.32,
9656503,Other ship types,Other ship types,0.0,2201.98,4060.10354,69.15,
9658355,Gas carrier,Gas carrier,0.0,1504.51,2399.6557,,
9658367,Gas carrier,Gas carrier,0.0,1951.8401,5989.25716,,
9658898,Bulk carrier,Bulk carrier,0.0,1223.885,1970.29887,,
9658903,Bulk carrier,Bulk carrier,0.0,831.073,1425.80007,,
9658977,Bulk carrier,Bulk carrier,0.0,663.497,1089.90057,,
9658989,Bulk carrier,Bulk carrier,0.0,377.65,733.527,,
9661259,General cargo ship,General cargo ship,0.0,1522.9,2969.02141,10.99,
9668063,Bulk carrier,Bulk carrier,0.0,566.73667,1079.59723,,
9668960,Container/ro-ro cargo ship,Container/ro-ro cargo ship,0.0,3273.73,6631.97,,
9671058,Bulk carrier,Bulk carrier,0.0,2180.962,3838.40869,,
9671072,Bulk carrier,Bulk carrier,0.0,198.129,328.49624,,
9671084,Bulk carrier,Bulk carrier,0.0,772.988,1388.18498,,
9671101,Bulk carrier,Bulk carrier,0.0,422.086,717.53293,,
9673850,Bulk carrier,Bulk carrier,0.0,5199.836,9829.33256,,
9674921,General cargo ship,General cargo ship,0.0,769.81,1446.395,3.98,
9676606,General cargo ship,General cargo ship,0.0,874.71,1415.525,8.48,
9681821,Other ship types,Other ship types,0.0,3387.27,5661.78,,
9683477,Container ship,Container ship,0.0,2919.96,4816.215,,
9683491,Container ship,Container ship,0.0,3640.36,9413.78,,
9685499,Gas carrier,Gas carrier,0.0,1728.01,5532.51,,
9685504,Gas carrier,Gas carrier,0.0,1988.59,6117.18868,,
9686857,Oil tanker,Oil tanker,0.0,3765.42,11327.75,,
9686869,Oil tanker,Oil tanker,0.0,2228.74,5096.125,,
9686871,Oil tanker,Oil tanker,0.0,3023.0,7476.015,,
9686883,Oil tanker,Oil tanker,0.0,3339.52,7993.828,,
9687227,Bulk carrier,Bulk carrier,0.0,2239.82,3660.65,,
9687239,Bulk carrier,Bulk carrier,0.0,3181.77,5073.035,,
9688374,Oil tanker,Oil tanker,0.0,3075.24,9053.71,,
9688386,Oil tanker,Oil tanker,0.0,3335.46,9833.365,,
9688843,Bulk carrier,Bulk carrier,0.0,1250.12,2022.175,,
9689574,Bulk carrier,Bulk carrier,0.0,690.37,166.165,,
9691723,Oil tanker,Oil tanker,0.0,3456.62,7442.425,,
9691735,Chemical tanker,Chemical tanker,0.0,3629.42,10275.6466,,
9696553,Oil tanker,Oil tanker,0.0,3663.89,8970.65,,
9696565,Oil tanker,Oil tanker,0.0,3596.31,8592.505,,
9696577,Oil tanker,Oil tanker,0.0,3354.56,9060.13873,,
9696589,Oil tanker,Oil tanker,0.0,3642.69,10905.375,,
9697143,Bulk carrier,Bulk carrier,0.0,632.7,1052.43,,
9697155,Bulk carrier,Bulk carrier,0.0,1632.25,2889.05,,
9697818,Bulk carrier,Bulk carrier,0.0,1939.778,3660.54532,,
9697820,Bulk carrier,Bulk carrier,0.0,1551.15,2635.37346,,
9697832,Bulk carrier,Bulk carrier,0.0,2168.425,3987.56494,,
9697844,Bulk carrier,Bulk carrier,0.0,811.833,1541.15744,,
9697856,Bulk carrier,Bulk carrier,0.0,786.695,1368.99064,,
9697961,Bulk carrier,Bulk carrier,0.0,1077.39,1832.06,,
9697973,Bulk carrier,Bulk carrier,0.0,823.28,1340.845,,
9700392,Other ship types,Other ship types,0.0,197.5,376.315,10.08,
9702596,Bulk carrier,Bulk carrier,0.0,3058.335,4937.165,,
9702601,Bulk carrier,Bulk carrier,0.0,2784.403,4769.685,,
9702637,General cargo ship,General cargo ship,0.0,1718.25,3137.775,5.19,
9703320,Oil tanker,Oil tanker,0.0,3982.12,6376.17,,
9703332,Oil tanker,Oil tanker,0.0,2924.41,5170.19,,
9706437,Oil tanker,Oil tanker,0.0,938.83,1889.645,,
9706463,Oil tanker,Oil tanker,0.0,4144.11,10445.3867,,
9706475,Oil tanker,Oil tanker,0.0,3254.42,7137.5264,,
9708033,Bulk carrier,Bulk carrier,0.0,1403.77,2352.84,,
9708045,Bulk carrier,Bulk carrier,0.0,1892.49,3655.365,,
9708057,Bulk carrier,Bulk carrier,0.0,2329.86,4146.775,,
9708069,Bulk carrier,Bulk carrier,0.0,1851.18,3348.795,,
9709221,Bulk carrier,Bulk carrier,0.0,364.65,777.42,,
9709245,Bulk carrier,Bulk carrier,0.0,692.18,1294.605,,
9709788,Chemical tanker,Chemical tanker,0.0,1277.19,2089.04,,
9710189,Other ship types,Other ship types,0.0,1337.19,2975.454,5.52,
9710464,General cargo ship,General cargo ship,0.0,3458.25,5446.99651,19.23,
9711755,Bulk carrier,Bulk carrier,0.0,350.1,595.44,,
9711767,Bulk carrier,Bulk carrier,0.0,427.81,0.0,,
9717668,General cargo ship,General cargo ship,0.0,856.8,1349.89,10.78,
9717670,General cargo ship,General cargo ship,0.0,84.3,171.205,38.14,
9721425,Bulk carrier,Bulk carrier,0.0,282.43,481.4,,
9721437,Bulk carrier,Bulk carrier,0.0,601.8,1168.56,,
9722390,Chemical tanker,Chemical tanker,508.2,3088.06,9045.465,,
9722405,Chemical tanker,Chemical tanker,0.0,4124.44,12032.4,,
9724532,Chemical tanker,Chemical tanker,0.0,3427.96,9244.07736,,
9724544,Chemical tanker,Chemical tanker,0.0,3445.47,8837.155,,
9724556,Chemical tanker,Chemical tanker,0.0,3107.18,6711.23289,,
9725421,Passenger ship,Passenger ship,0.0,7563.73,20622.605,,
9725445,Bulk carrier,Bulk carrier,0.0,1130.31,2028.97,,
9725603,Chemical tanker,Chemical tanker,0.0,3637.06,9447.7325,,
9725615,Chemical tanker,Chemical tanker,0.0,943.56,1853.69206,,
9725627,Chemical tanker,Chemical tanker,0.0,1653.76,3505.82858,,
9725639,Oil tanker,Oil tanker,0.0,2914.79,6596.50082,,
9726580,Oil tanker,Oil tanker,0.0,6306.0,10129.7644,,
9726621,Oil tanker,Oil tanker,0.0,521.32,1087.0,,
9727041,Bulk carrier,Bulk carrier,0.0,5121.43305,11324.62004,,
9727118,Bulk carrier,Bulk carrier,0.0,2995.88,4777.2,,
9727120,Bulk carrier,Bulk carrier,0.0,3595.72,5717.19,,
9727182,Bulk carrier,Bulk carrier,0.0,210.86,347.525,,
9727493,Bulk carrier,Bulk carrier,0.0,975.04,1722.55,,
9727508,Bulk carrier,Bulk carrier,0.0,1711.67,2855.44,,
9727510,Bulk carrier,Bulk carrier,0.0,1923.41,3616.15,,
9727522,Bulk carrier,Bulk carrier,0.0,1688.69,3040.24,,
9727596,Bulk carrier,Bulk carrier,0.0,4560.613,7298.225,,
9727601,Bulk carrier,Bulk carrier,0.0,3763.73,6069.475,,
9728241,Oil tanker,Oil tanker,0.0,2578.39,4821.93,,
9729271,Chemical tanker,Chemical tanker,0.0,2875.07,6769.69706,,
9729283,Chemical tanker,Chemical tanker,0.0,3316.41,8016.16114,,
9731389,Other ship types,Other ship types,0.0,832.08,1536.685,3.56,
9733363,Chemical tanker,Chemical tanker,0.0,1673.93,0.0,,
9733703,Chemical tanker,Chemical tanker,0.0,1848.43,3455.49107,,
9734836,Gas carrier,Gas carrier,0.0,5967.97,10544.82,,
9734848,Gas carrier,Gas carrier,588.5,6074.88,12064.535,,
9736212,Other ship types,Other ship types,0.0,1552.34,1725.65,33.58,
9736365,Vehicle carrier,Vehicle carrier,0.0,5882.67,11112.245,,
9736377,Vehicle carrier,Vehicle carrier,0.0,6652.62,14084.555,,
9737187,LNG carrier,LNG carrier,40718.6,16924.2,23333.90207,,
9738674,Bulk carrier,Bulk carrier,0.0,1009.475,1135.79427,,
9739800,Chemical tanker,Chemical tanker,0.0,907.98,1951.765,,
9739836,Chemical tanker,Chemical tanker,0.0,2375.82,7069.77,,
9741140,General cargo ship,General cargo ship,0.0,1059.385,2159.58,6.11,
9747974,Chemical tanker,Chemical tanker,758.9,3193.59,9398.57,,
9747986,Chemical tanker,Chemical tanker,0.0,2922.89,8729.85,,
9750658,LNG carrier,LNG carrier,3939.0,30894.8923,42315.06229,,
9750660,LNG carrier,LNG carrier,2341.0,24938.97932,34602.95455,,
9750672,LNG carrier,LNG carrier,0.0,31879.92,41566.225,,
9750696,LNG carrier,LNG carrier,0.0,26138.84,33822.895,,
9750701,LNG carrier,LNG carrier,5988.0,24644.55239,31258.52663,,
9750713,LNG carrier,LNG carrier,0.0,29303.02,37792.395,,
9750725,LNG carrier,LNG carrier,0.0,28467.75,36809.425,,
9750737,LNG carrier,LNG carrier,0.0,30471.16,39920.715,,
9750749,LNG carrier,LNG carrier,0.0,32674.03,42758.275,,
9754161,Bulk carrier,Bulk carrier,0.0,266.0,0.0,,
9754410,General cargo ship,General cargo ship,0.0,2682.76,7922.47,5.33,
9754422,General cargo ship,General cargo ship,0.0,2658.55,7617.955,5.53,
9754434,General cargo ship,General cargo ship,0.0,2797.31,7809.215,5.45,
9754446,General cargo ship,General cargo ship,0.0,2644.42,7585.83,5.26,
9754903,Bulk carrier,Bulk carrier,0.0,1306.39,2505.965,,
9754915,Bulk carrier,Bulk carrier,0.0,682.22,1344.95,,
9754927,Bulk carrier,Bulk carrier,0.0,492.21,793.49,,
9755646,Gas carrier,Gas carrier,0.0,3407.58,7852.63,,
9755658,Gas carrier,Gas carrier,0.0,5304.96,11429.815,,
9758557,General cargo ship,General cargo ship,0.0,1172.19,3103.34084,16.29,
9760421,Other ship types,Other ship types,0.0,6182.02,10269.57,24.29,
9760445,Other ship types,Other ship types,0.0,9332.73,15573.445,19.05,
9760457,Other ship types,Other ship types,0.0,1240.9,2094.185,18.56,
9761164,Gas carrier,Gas carrier,0.0,2699.75,6303.545,,
9761176,Gas carrier,Gas carrier,0.0,4550.7,9582.195,,
9763655,Ro-pax ship,Ro-pax ship,0.0,18370.72,0.00396,,
9763710,Container ship,Container ship,0.0,4326.346,11420.40798,,
9763722,Container ship,Container ship,0.0,4260.857,11895.11487,,
9765859,Refrigerated cargo carrier,Refrigerated cargo carrier,0.0,558.68,932.65071,,
9766164,General cargo ship,General cargo ship,0.0,1322.52,2774.52,3.22,
9766176,General cargo ship,General cargo ship,0.0,1486.47,3056.595,3.14,
9766188,General cargo ship,General cargo ship,0.0,535.0,961.705,3.13,
9766841,Other ship types,Other ship types,0.0,3147.76,6881.825,91.92,
9767704,General cargo ship,General cargo ship,0.0,2337.41,4722.945,3.31,
9767716,General cargo ship,General cargo ship,0.0,2431.72,4553.435,3.24,
9767728,General cargo ship,General cargo ship,0.0,1957.73,3327.005,3.25,
9769128,LNG carrier,LNG carrier,0.0,2321.04,6283.31,,
9775737,Container ship,Container ship,0.0,8891.67078,5140.075,,
9775749,Container ship,Container ship,0.0,8957.46444,13409.08,,
9775751,Container ship,Container ship,0.0,7290.57917,7264.65,,
9775763,Container ship,Container ship,0.0,5973.24725,6401.64,,
9775775,Container ship,Container ship,0.0,6325.54265,13501.615,,
9778533,Container ship,Container ship,0.0,6347.64666,7826.225,,
9778545,Container ship,Container ship,0.0,6111.86625,12583.62,,
9779953,Oil tanker,Oil tanker,0.0,3156.95,5725.47,,
9779965,Oil tanker,Oil tanker,0.0,1627.03,3558.59,,
9780653,Container ship,Container ship,0.0,4526.391,12816.19482,,
9780665,Container ship,Container ship,0.0,5559.67,17716.36744,,
9781994,Bulk carrier,Bulk carrier,0.0,1346.78,2542.535,,
9782003,Bulk carrier,Bulk carrier,0.0,197.15,309.05,,
9783071,Ro-pax ship,Ro-pax ship,0.0,18138.83,0.0,,
9783124,LNG carrier,LNG carrier,0.0,5168.86,11121.015,,
9785378,Other ship types,Other ship types,0.0,3718.12,6881.72,8.66,
9785380,Other ship types,Other ship types,0.0,3118.41,5362.085,12.92,
9785392,Other ship types,Other ship types,0.0,1769.0,3725.96,16.64,
9785407,Other ship types,Other ship types,0.0,3999.89,7070.12,10.81,
9786633,Chemical tanker,Chemical tanker,0.0,982.6,1554.695,,
9789685,Other ship types,Other ship types,0.0,3660.04,6703.025,10.73,
9789697,Other ship types,Other ship types,0.0,1689.82,2795.945,10.86,
9794422,Oil tanker,Oil tanker,0.0,1618.27,3122.925,,
9794446,Oil tanker,Oil tanker,0.0,1404.75,2604.025,,
9794472,General cargo ship,General cargo ship,0.0,436.03,719.025,2.69,
9796262,Passenger ship (Cruise Passenger ship),Passenger ship (Cruise Passenger ship),0.0,5727.91,16040.52,,
9797371,Passenger ship,Passenger ship,0.0,1998.44,5353.205,,
9797620,General cargo ship,General cargo ship,0.0,2550.35,7578.1,3.56,
9797632,General cargo ship,General cargo ship,0.0,2630.41,7688.49,3.69,
9797802,Chemical tanker,Chemical tanker,0.0,3448.04,10754.755,,
9797814,Chemical tanker,Chemical tanker,0.0,3172.3,10084.8,,
9799771,Bulk carrier,Bulk carrier,0.0,716.27,1288.2,,
9799977,Ro-ro ship,Ro-ro ship,0.0,9674.58,27698.88,,
9800568,Oil tanker,Oil tanker,0.0,3761.76,6209.47,,
9802683,Passenger ship,Passenger ship,0.0,14480.97,27851.3736,,
9804435,Oil tanker,Oil tanker,0.0,1154.98,1774.46,,
9805245,Bulk carrier,Bulk carrier,0.0,1206.284,2138.19577,,
9805257,Bulk carrier,Bulk carrier,0.0,668.143,1529.12056,,
9805271,Bulk carrier,Bulk carrier,0.0,258.814,461.53651,,
9806615,Oil tanker,Oil tanker,0.0,1582.77,2515.64,,
9807293,Ro-pax ship,Ro-pax ship,0.0,11701.6,1138.545,,
9808259,Chemical tanker,Chemical tanker,0.0,2679.51,8590.49,,
9808261,Chemical tanker,Chemical tanker,0.0,2861.14,9172.8,,
9808845,Other ship types,Other ship types,0.0,4861.4,7966.04,7.6,
9809356,Oil tanker,Oil tanker,0.0,670.756,1313.35,,
9809368,Oil tanker,Oil tanker,0.0,3527.72,6173.01,,
9813084,Passenger ship,Passenger ship,0.0,2263.78,4836.86,,
9813230,Other ship types,Other ship types,0.0,3217.32,5735.565,8.67,
9813242,Other ship types,Other ship types,0.0,3327.61,5839.06,10.91,
9813993,Container ship,Container ship,0.0,4794.798,9424.62,,
9814002,Container ship,Container ship,0.0,4398.93,8279.88,,
9814014,Container ship,Container ship,0.0,4878.999,9981.61,,
9816529,Chemical tanker,Chemical tanker,716.14,1949.37,6209.18,,
9816531,Chemical tanker,Chemical tanker,0.0,1987.81,6375.13,,
9816830,Ro-ro ship,Ro-ro ship,0.0,14246.4,22505.95,,
9816842,Ro-ro ship,Ro-ro ship,0.0,14892.32,23498.065,,
9817133,Passenger ship,Passenger ship,0.0,3735.98,9651.23942,,
9817145,Passenger ship,Passenger ship,0.0,1377.71,2964.72,,
9817470,Oil tanker,Oil tanker,0.0,9953.17054,16580.655,,
9818058,Oil tanker,Oil tanker,0.0,8995.132,11231.195,,
9818084,Passenger ship,Passenger ship,0.0,11737.76,22674.43414,,
9818278,Chemical tanker,Chemical tanker,0.0,2681.59,7493.675,,
9818400,Container ship,Container ship,0.0,4556.5,9575.625,,
9819052,Chemical tanker,Chemical tanker,0.0,2478.11,7674.78,,
9819882,LNG carrier,LNG carrier,0.0,2242.19,6000.7,,
9821873,Passenger ship,Passenger ship,0.0,1421.79,2732.065,,
9822865,Container ship,Container ship,0.0,11867.25,25484.45,,
9824289,Ro-pax ship,Ro-pax ship,0.0,4734.56,15179.01,,
9829095,Oil tanker,Oil tanker,0.0,516.7,1364.56,,
9829100,Oil tanker,Oil tanker,0.0,159.5,324.9,,
9829784,Chemical tanker,Chemical tanker,89.0,2424.76,7276.235,,
9829796,Chemical tanker,Chemical tanker,690.0,2254.38,6797.545,,
9830135,Bulk carrier,Bulk carrier,0.0,1206.67,2192.245,,
9832585,Ro-ro ship,Ro-ro ship,0.0,8874.09,15280.765,,
9832597,Ro-ro ship,Ro-ro ship,0.0,15447.22,48163.34,,
9833175,Passenger ship,Passenger ship,0.0,10139.57,26683.905,,
9833187,Passenger ship (Cruise Passenger ship),Passenger ship (Cruise Passenger ship),0.0,6740.04,17687.5,,
9834648,Passenger ship,Passenger ship,0.0,1051.656,2075.457,,
9835769,Bulk carrier,Bulk carrier,0.0,1156.94,1967.68,,
9835771,Bulk carrier,Bulk carrier,0.0,2021.19,3610.09,,
9835795,Bulk carrier,Bulk carrier,0.0,943.12,1516.925,,
9838462,Bulk carrier,Bulk carrier,0.0,1073.766,1738.4324,,
9838474,Bulk carrier,Bulk carrier,0.0,1500.761,2787.17845,,
9841641,Bulk carrier,Bulk carrier,0.0,411.2,685.185,,
9841653,Bulk carrier,Bulk carrier,0.0,560.77,911.09,,
9841938,Bulk carrier,Bulk carrier,0.0,1931.81,3409.275,,
9841940,Bulk carrier,Bulk carrier,0.0,537.42,909.025,,
9842554,Passenger ship,Passenger ship,0.0,1394.7,3193.0192,,
9845910,Passenger ship,Passenger ship,0.0,3016.17,7655.875,,
9845922,Passenger ship (Cruise Passenger ship),Passenger ship (Cruise Passenger ship),0.0,8848.97,24186.815,,
9849813,Bulk carrier,Bulk carrier,0.0,2083.274,3535.98,,
9849899,Bulk carrier,Bulk carrier,0.0,4620.49,8077.535,,
9849904,Bulk carrier,Bulk carrier,0.0,4558.0,8257.51,,
9850692,Oil tanker,Oil tanker,0.0,1661.91,2758.7,,
9850707,Oil tanker,Oil tanker,0.0,1169.35,2192.675,,
9851036,Ro-pax ship,Ro-pax ship,0.0,24959.76,77763.11,,
9851048,Ro-pax ship,Ro-pax ship,0.0,15181.53,47311.21,,
9851696,Chemical tanker,Chemical tanker,0.0,4501.71,6092.16562,,
9851701,Chemical tanker,Chemical tanker,0.0,3716.62,9081.2,,
9851713,Chemical tanker,Chemical tanker,0.0,3097.01,8588.125,,
9851725,Chemical tanker,Chemical tanker,0.0,474.31,905.04,,
9854466,Chemical tanker,Chemical tanker,233.0,2540.38,7878.6,,
9854478,Chemical tanker,Chemical tanker,1195.0,2352.0,7251.23,,
9856189,Ro-pax ship,Ro-pax ship,0.0,18182.18,50807.515,,
9857640,Passenger ship,Passenger ship,0.0,1994.85,4770.47288,,
9858321,Ro-pax ship,Ro-pax ship,0.0,10694.42,18697.19,,
9860116,Bulk carrier,Bulk carrier,0.0,3221.83,5238.44,,
9860128,Bulk carrier,Bulk carrier,0.0,3019.15,5057.475,,
9860142,Ro-ro ship,Ro-ro ship,0.0,14822.6,46201.73,,
9861160,Bulk carrier,Bulk carrier,0.0,1247.46,2274.31,,
9862023,Passenger ship,Passenger ship,0.0,1704.8,4121.48,,
9862994,Ro-pax ship,Ro-pax ship,0.0,15169.04,47867.99,,
9863003,Ro-pax ship,Ro-pax ship,0.0,14937.34,47108.63,,
9864681,Ro-ro ship,Ro-ro ship,0.0,9251.67,15220.7,,
9866249,Container ship,Container ship,0.0,5556.377,11966.495,,
9866251,Container ship,Container ship,0.0,5916.421,13160.305,,
9866732,Bulk carrier,Bulk carrier,0.0,489.854,874.33771,,
9866744,Bulk carrier,Bulk carrier,0.0,359.618,584.88526,,
9866756,Bulk carrier,Bulk carrier,0.0,624.94,1219.57115,,
9866768,Bulk carrier,Bulk carrier,0.0,2143.711,4071.17157,,
9868962,LNG carrier,LNG carrier,0.0,1869.42,5219.97,,
9868974,LNG carrier,LNG carrier,0.0,1745.88,4834.55,,
9869710,Bulk carrier,Bulk carrier,0.0,1229.91,2613.62,,
9870472,Gas carrier,Gas carrier,0.0,1553.77,4269.375,,
9870666,Chemical tanker,Chemical tanker,0.0,2427.54,7471.975,,
9870678,Chemical tanker,Chemical tanker,0.0,1951.92,5966.515,,
9872327,Passenger ship,Passenger ship,0.0,893.903,1625.575,,
9876828,Chemical tanker,Chemical tanker,0.0,2225.37,6614.81,,
9876830,Chemical tanker,Chemical tanker,0.0,2102.15,6220.8,,
9878319,Ro-pax ship,Ro-pax ship,8609.0,4284.3,11779.69,,
9880661,Passenger ship,Passenger ship,0.0,898.112,1808.30103,,
9880673,Passenger ship,Passenger ship,0.0,0.0,0.0,,
9880685,Passenger ship,Passenger ship,0.0,962.02,2235.515,,
9882396,Oil tanker,Oil tanker,0.0,1321.37,2422.355,,
9882401,Oil tanker,Oil tanker,0.0,898.02,1519.29,,
9882413,Oil tanker,Oil tanker,0.0,1828.96,3491.995,,
9882425,Oil tanker,Oil tanker,0.0,1591.88,3045.775,,
9884679,Ro-ro ship,Ro-ro ship,0.0,12290.82,35324.86,,
9884681,Ro-ro ship,Ro-ro ship,0.0,12452.76,35904.46,,
9884966,Bulk carrier,Bulk carrier,0.0,6978.46,11135.19,,
9884978,Bulk carrier,Bulk carrier,0.0,3505.14,5657.145,,
9886225,Passenger ship,Passenger ship,0.0,4789.83,12375.44546,,
9887803,Oil tanker,Oil tanker,0.0,4337.49,7479.29,,
9887815,Oil tanker,Oil tanker,0.0,4619.81,7523.91,,
9892432,Oil tanker,Oil tanker,0.0,7979.49,22542.905,,
9892444,Oil tanker,Oil tanker,0.0,6504.1,19549.905,,
9892482,Other ship types,Other ship types,0.0,2317.4,3711.19962,11.51,
9892494,Other ship types,Other ship types,0.0,3161.64,5232.29,7.53,
9892509,Other ship types,Other ship types,0.0,2146.0,3605.51,10.8,
9892511,Other ship types,Other ship types,0.0,2264.22,3743.4,8.34,
9892523,Other ship types,Other ship types,0.0,4172.46,6980.7,8.28,
9892535,Other ship types,Other ship types,0.0,4321.92,7292.245,9.38,
9892884,General cargo ship,General cargo ship,0.0,2589.51,7294.29,16.02,
9892896,General cargo ship,General cargo ship,0.0,2332.92,6401.765,11.24,
9892901,General cargo ship,General cargo ship,49.0,2026.24,5548.27,10.19,
9892975,Oil tanker,Oil tanker,0.0,3769.25,8209.815,,
9895252,Passenger ship,Passenger ship,0.0,837.09,2189.665,,
9895795,Bulk carrier,Bulk carrier,0.0,2220.22,3644.065,,
9895800,Bulk carrier,Bulk carrier,0.0,5177.44,8647.14,,
9897121,Other ship types,Other ship types,0.0,2737.05,4888.42,8.08,
9897133,Other ship types,Other ship types,0.0,3220.83,5233.105,9.6,
9900095,Bulk carrier,Bulk carrier,0.0,765.62,1221.08,,
9903968,Oil tanker,Oil tanker,0.0,2870.82,4785.47,,
9903970,Oil tanker,Oil tanker,0.0,1494.8,2490.085,,
9904041,Chemical tanker,Chemical tanker,0.0,2554.0,7364.76,,
9904053,Oil tanker,Oil tanker,0.0,2785.07,7975.53,,
9905708,Bulk carrier,Bulk carrier,0.0,586.64,1312.075,,
9905710,Bulk carrier,Bulk carrier,0.0,659.12,1196.455,,
9905722,Bulk carrier,Bulk carrier,0.0,1505.32,2553.97,,
9905734,Bulk carrier,Bulk carrier,0.0,1069.61,2012.255,,
9909247,Chemical tanker,Chemical tanker,0.0,2041.28,6467.61,,
9909649,Chemical tanker,Chemical tanker,662.4,3030.5,8863.99,,
9909651,Chemical tanker,Chemical tanker,0.0,2838.89,8085.86,,
9910105,Bulk carrier,Bulk carrier,0.0,318.4,667.765,,
9910349,Bulk carrier,Bulk carrier,0.0,3536.39,5944.355,,
9910351,Bulk carrier,Bulk carrier,0.0,1212.11,1982.195,,
9910363,Bulk carrier,Bulk carrier,0.0,2098.85,3539.505,,
9911927,General cargo ship,General cargo ship,0.0,1760.72,5166.295,5.81,
9911939,Bulk carrier,Bulk carrier,0.0,1609.66,5160.56,,
9919890,LNG carrier,LNG carrier,0.0,5474.61,7567.67,,
9921740,Passenger ship,Passenger ship,0.0,1635.5,4670.745,,
9925837,Container ship,Container ship,0.0,8262.3,18571.4054,,
9937270,Bulk carrier,Bulk carrier,0.0,887.56,1456.965,,
9937282,Bulk carrier,Bulk carrier,0.0,961.53,1566.925,,
9937294,Bulk carrier,Bulk carrier,0.0,207.97,337.895,,
9937309,Bulk carrier,Bulk carrier,0.0,773.2,1412.21,,
9941609,Bulk carrier,Bulk carrier,0.0,1433.14,2654.64,,
9941611,Bulk carrier,Bulk carrier,0.0,3522.32,5912.405,,
9941623,Bulk carrier,Bulk carrier,0.0,2013.0,3281.145,,
9941635,Bulk carrier,Bulk carrier,0.0,984.79,1632.44,,
9944546,Container ship,Container ship,0.0,5472.53948,3253.705,,
9953509,LNG carrier,LNG carrier,0.0,9572.33,6162.0839,,
9953511,LNG carrier,LNG carrier,0.0,11997.616,11480.65205,,
9953523,LNG carrier,LNG carrier,0.0,4458.2,5666.27821,,
9955571,Bulk carrier,Bulk carrier,0.0,3034.74,4835.31,,
9955583,Bulk carrier,Bulk carrier,0.0,1298.34,2056.905,,
9955595,Bulk carrier,Bulk carrier,0.0,3770.38,6120.19,,
9955789,Container ship,Container ship,0.0,6074.17,11434.345,,
9956862,General cargo ship,General cargo ship,0.0,1532.66,4619.26,6.45,
9959541,Container ship,Container ship,0.0,1909.58,3163.06,,
9961283,Container ship,Container ship,0.0,4451.9,11910.795,,
9961295,Container ship,Container ship,0.0,3745.0,9532.345,,
9961300,Container ship,Container ship,0.0,3112.9,7914.44,,
9961312,Container ship,Container ship,0.0,2371.0,5957.3355,,
9961348,Container ship,Container ship,0.0,493.6,788.78,,
9961350,Container ship,Container ship,0.0,1213.0,1880.865,,
9961362,Container ship,Container ship,0.0,194.5,222.0776,,
9962419,LNG carrier,LNG carrier,0.0,3565.791,4933.18121,,
9963449,LNG carrier,LNG carrier,0.0,738.9503,1001.95944,,
9964613,Container ship,Container ship,0.0,4553.801,9601.31,,
9964625,Container ship,Container ship,0.0,3479.371,10441.835,,
9964637,Container ship,Container ship,0.0,1214.461,3344.015,,
9967940,Chemical tanker,Chemical tanker,0.0,388.08,705.2345,,
9968475,Bulk carrier,Bulk carrier,0.0,620.03,1086.66,,
9968487,Bulk carrier,Bulk carrier,0.0,1072.28,1697.23,,
9968499,Bulk carrier,Bulk carrier,0.0,1102.74,2179.525,,
9968504,Bulk carrier,Bulk carrier,0.0,1048.44,1750.265,,
9968891,Container ship,Container ship,0.0,5071.07,14396.48,,
9968906,Container ship,Container ship,0.0,3761.74,10286.595,,
9968918,Container ship,Container ship,0.0,688.81,1761.915,,
9968920,Container ship,Container ship,0.0,521.9,875.22,,
9971850,General cargo ship,General cargo ship,0.0,603.28,1141.965,2.45,
9971862,General cargo ship,General cargo ship,0.0,886.1,1840.405,3.08,
9972505,Other ship types,Other ship types,0.0,2548.99,6085.645,9.7,
9972517,Other ship types,Other ship types,0.0,2525.97,4263.425,6.16,
9975363,Bulk carrier,Bulk carrier,0.0,847.472,1590.12913,,
9975375,Bulk carrier,Bulk carrier,0.0,649.809,1082.22291,,
9975387,Bulk carrier,Bulk carrier,0.0,245.75,404.7817,,
9975399,Bulk carrier,Bulk carrier,0.0,381.961,651.91635,,
9975404,Bulk carrier,Bulk carrier,0.0,364.26,586.57722,,
9975416,Bulk carrier,Bulk carrier,0.0,222.512,352.74776,,
9976965,Container ship,Container ship,0.0,2217.182,6313.93,,
9977426,Container ship,Container ship,0.0,1944.27,4608.68,,
9979503,Bulk carrier,Bulk carrier,0.0,525.95994,818.91963,,
9981063,Container ship,Container ship,0.0,182.48,284.475,,
9983217,Bulk carrier,Bulk carrier,0.0,731.86,1210.22,,
9985942,Container ship,Container ship,0.0,2215.89,3616.825,,
9988097,General cargo ship,General cargo ship,0.0,668.36,1783.625,8.31,
9988102,General cargo ship,General cargo ship,0.0,249.31,682.665,9.25,
